name,gender,age,likeable,creative,emotionally balanced,extrovert,no-coherence,narcissus,temperamental,reliable,fitness_trust,other_trust,follow,reasons,category
therock,Άντρας,27,4,3,5,5,5,2,2,5,4,2,Ναι,αναρτά ενδιαφέρον περιεχόμενο,body_building
dade2shelby,Γυναίκα,28,4,5,2,4,1,4,4,3,2,3,Όχι,αναρτά ενδιαφέρον περιεχόμενο,yoga
officialdavidhallberg,Γυναίκα,24,4,4,5,2,4,1,2,4,4,2,Ναι,αναρτά ενδιαφέρον περιεχόμενο,dance
thebodycoach,Γυναίκα,22,3,4,3,2,3,3,2,4,4,3,Ναι,θέλω να ενημερώνομαι και να ακολουθώ το πρόγραμμα γυμναστικής / συμβουλές του;αναρτά ενδιαφέρον περιεχόμενο,nutrition
fitmencook,Γυναίκα,22,4,5,3,3,2,2,2,3,3,1,Όχι,αναρτά ενδιαφέρον περιεχόμενο,nutrition
ellena_fit,Γυναίκα,22,3,3,3,4,3,4,3,3,2,1,Όχι,έχει ωραίο lifestyle;αναρτά ενδιαφέρον περιεχόμενο,nutrition
sophiebrace_fit,Γυναίκα,25,4,3,5,3,2,2,1,5,5,2,Ναι,έχει ωραίο lifestyle,fitness_model
Juditmoreno22,Γυναίκα,25,2,1,2,5,1,5,4,3,2,1,Όχι,έχει ωραίο σώμα,fitness_model
schwarzenegger,Άντρας,28,4,4,2,3,3,3,3,5,4,1,Όχι,αναρτά ενδιαφέρον περιεχόμενο,body_building
Kaisafit,Γυναίκα,25,5,3,4,1,4,2,2,4,3,4,Όχι,θέλω να ενημερώνομαι και να ακολουθώ το πρόγραμμα γυμναστικής / συμβουλές του,body_building
balletbeautiful,Γυναίκα,25,4,4,3,4,2,2,3,4,4,2,Ναι,έχει ωραίο lifestyle;αναρτά ενδιαφέρον περιεχόμενο,dance
theballerina,Γυναίκα,25,4,5,3,5,1,2,3,5,3,4,Ναι,έχει ωραίο lifestyle;αναρτά ενδιαφέρον περιεχόμενο,dance
kylehanagami,Γυναίκα,25,5,5,4,4,2,2,3,5,3,4,Ναι,έχει ωραίο lifestyle;αναρτά ενδιαφέρον περιεχόμενο,dance
brandon__curry,Γυναίκα,25,4,1,4,4,4,2,2,3,4,1,Όχι,έχει ωραίο lifestyle,body_building
jojogomezxo,Γυναίκα,25,5,5,4,5,1,1,3,5,4,4,Ναι,"αναρτά ενδιαφέρον περιεχόμενο;she is a dancer and as I love dancing, I adore her choreos",dance
stevecook,Γυναίκα,23,3,2,3,4,2,4,2,3,2,1,Όχι,αναρτά ενδιαφέρον περιεχόμενο,body_building
autumnmiller,Γυναίκα,25,4,5,3,4,2,3,3,4,2,2,Ναι,έχει ωραίο lifestyle;αναρτά ενδιαφέρον περιεχόμενο,dance
yarishna,Γυναίκα,23,2,2,2,4,1,4,3,2,2,1,Όχι,αναρτά ενδιαφέρον περιεχόμενο,body_building
mrolympia08,Γυναίκα,25,3,1,2,4,4,4,3,3,3,1,Όχι,Τιποτα,body_building
demibagby,Γυναίκα,23,4,4,3,5,2,4,3,3,2,1,Όχι,αναρτά ενδιαφέρον περιεχόμενο,body_building
markmeismer,Γυναίκα,25,4,5,3,4,2,2,3,4,2,2,Ναι,έχει ωραίο lifestyle;αναρτά ενδιαφέρον περιεχόμενο,dance
Yarishna,Γυναίκα,26,2,2,2,5,5,5,2,4,4,1,Όχι,Δεν θα το ακόλουθουσα,body_building
flex_lewis,Γυναίκα,25,3,1,2,3,2,4,4,3,1,1,Όχι,Τιποτα,body_building
c.t.ali.fletcher,Γυναίκα,23,4,3,3,3,2,2,2,3,2,1,Όχι,αναρτά ενδιαφέρον περιεχόμενο,body_building
amandalacount,Γυναίκα,25,5,5,3,4,1,2,3,4,2,2,Ναι,έχει ωραίο lifestyle;αναρτά ενδιαφέρον περιεχόμενο,dance
sommerray,Άντρας,28,4,4,3,4,3,4,1,5,4,4,Ναι,αναρτά ενδιαφέρον περιεχόμενο,fitness_model
demibagby,Γυναίκα,26,5,5,4,5,1,3,1,5,3,2,Ναι,αναρτά ενδιαφέρον περιεχόμενο,body_building
willdabeast__,Γυναίκα,25,3,4,3,4,3,2,3,3,2,2,Όχι,αναρτά ενδιαφέρον περιεχόμενο,dance
amymarie,Γυναίκα,25,5,5,3,4,1,2,3,4,2,2,Ναι,έχει ωραίο lifestyle;αναρτά ενδιαφέρον περιεχόμενο,dance
jamesbwhiteside,Γυναίκα,25,4,4,3,4,2,2,3,4,2,2,Ναι,έχει ωραίο lifestyle;αναρτά ενδιαφέρον περιεχόμενο,dance
Hannaoeberg,Γυναίκα,22,3,4,3,5,2,2,2,4,4,3,Όχι,Motivation,fitness_model
Kaisafit,Γυναίκα,22,4,4,3,4,2,2,2,4,4,4,Όχι,Motivation,body_building
Frank_medrano,Γυναίκα,22,4,4,4,4,2,2,3,4,4,4,Όχι,Motivation,body_building
Yarishna,Γυναίκα,30,2,2,2,3,5,5,3,3,2,1,Όχι,αναρτά ενδιαφέρον περιεχόμενο,body_building
demibagby,Γυναίκα,30,4,4,4,3,1,3,2,4,4,2,Ναι,θέλω να ενημερώνομαι και να ακολουθώ το πρόγραμμα γυμναστικής / συμβουλές του,body_building
Stevecook,Γυναίκα,30,3,2,2,4,4,5,3,3,2,1,Όχι,έχει ωραίο σώμα,body_building
Saschafitness,Γυναίκα,30,4,4,4,3,5,2,2,5,5,3,Ναι,θέλω να ενημερώνομαι και να ακολουθώ το πρόγραμμα γυμναστικής / συμβουλές του;αναρτά ενδιαφέρον περιεχόμενο,fitness_model
Andreideiu_,Γυναίκα,30,2,1,2,3,4,5,3,3,2,1,Όχι,έχει ωραίο σώμα,body_building
jeff_seid,Γυναίκα,30,1,1,1,4,5,5,4,2,2,1,Όχι,έχει ωραίο σώμα;έχει ωραίο lifestyle,body_building
ronniecoleman8,Γυναίκα,30,1,1,1,3,2,4,2,4,2,2,Όχι,αναρτά ενδιαφέρον περιεχόμενο,body_building
Bradleymartyn,Γυναίκα,30,3,2,3,3,3,4,2,3,3,1,Όχι,έχει ωραίο lifestyle,body_building
Philheath,Γυναίκα,30,1,1,2,3,2,5,3,3,2,1,Όχι,αναρτά ενδιαφέρον περιεχόμενο,body_building
Sadikhadzovic,Γυναίκα,30,4,4,3,3,2,3,1,4,3,2,Ναι,θέλω να ενημερώνομαι και να ακολουθώ το πρόγραμμα γυμναστικής / συμβουλές του;αναρτά ενδιαφέρον περιεχόμενο,body_building
Eva_andressa,Γυναίκα,30,4,3,3,4,2,3,1,4,4,2,Ναι,αναρτά ενδιαφέρον περιεχόμενο,body_building
balletbeautiful,Γυναίκα,24,5,5,5,5,5,1,1,3,4,4,Ναι,έχει ωραίο lifestyle;αναρτά ενδιαφέρον περιεχόμενο,dance
balletbeautiful,Γυναίκα,24,5,5,5,5,5,1,1,3,4,4,Ναι,έχει ωραίο lifestyle;αναρτά ενδιαφέρον περιεχόμενο,dance
Theballerina,Γυναίκα,24,5,5,4,5,4,2,1,5,4,5,Ναι,έχει ωραίο σώμα;έχει ωραίο lifestyle;αναρτά ενδιαφέρον περιεχόμενο,dance
naturally.sassy,Γυναίκα,24,5,5,5,5,5,1,1,5,5,5,Ναι,αναρτά ενδιαφέρον περιεχόμενο,dance
sommerray,Άντρας,28,5,4,3,5,4,3,2,4,5,3,Ναι,αναρτά ενδιαφέρον περιεχόμενο,fitness_model
kathryn_morgan,Γυναίκα,24,5,4,5,3,5,1,1,5,2,4,Ναι,έχει ωραίο lifestyle;αναρτά ενδιαφέρον περιεχόμενο,dance
Theballerina,Γυναίκα,24,5,5,4,5,4,2,1,5,4,5,Ναι,έχει ωραίο σώμα;έχει ωραίο lifestyle;αναρτά ενδιαφέρον περιεχόμενο,dance
balletbeautiful,Γυναίκα,24,5,5,5,5,5,1,1,3,4,4,Ναι,έχει ωραίο lifestyle;αναρτά ενδιαφέρον περιεχόμενο,dance
Stevecook,Γυναίκα,17,3,3,3,4,3,3,2,4,3,2,Όχι,θέλω να ενημερώνομαι και να ακολουθώ το πρόγραμμα γυμναστικής / συμβουλές του,body_building
c.t.ali.fletcher,Γυναίκα,17,4,3,3,4,3,3,3,3,3,3,Όχι,θέλω να ενημερώνομαι και να ακολουθώ το πρόγραμμα γυμναστικής / συμβουλές του,body_building
mandysacs,Γυναίκα,24,2,2,3,3,4,5,4,4,2,1,Όχι,έχει ωραίο σώμα,athlete
shonda1020,Γυναίκα,24,4,4,4,4,5,2,2,4,4,3,Ναι,θέλω να ενημερώνομαι και να ακολουθώ το πρόγραμμα γυμναστικής / συμβουλές του,nutrition
misslisamorales,Γυναίκα,24,4,3,3,4,2,2,2,3,3,3,Όχι,αναρτά ενδιαφέρον περιεχόμενο,nutrition
lisafiitt,Γυναίκα,24,3,3,3,4,4,3,3,4,4,2,Όχι,θέλω να ενημερώνομαι και να ακολουθώ το πρόγραμμα γυμναστικής / συμβουλές του,body_building
romanelanceford,Γυναίκα,24,3,3,3,4,3,2,2,4,3,2,Όχι,θέλω να ενημερώνομαι και να ακολουθώ το πρόγραμμα γυμναστικής / συμβουλές του;έχει ωραίο σώμα,body_building
lifeperiway,Γυναίκα,24,2,2,3,4,4,3,4,4,3,1,Όχι,έχει ωραίο lifestyle,athlete
missmiafit,Γυναίκα,24,2,3,2,5,3,5,2,3,2,2,Όχι,"τιποτα, δεν μ αρεσει το προφιλ της",body_building
catmeffan,Γυναίκα,28,4,2,4,2,4,2,2,4,4,2,Όχι,αναρτά ενδιαφέρον περιεχόμενο,yoga
joeyswoll,Άντρας,24,2,3,3,4,1,4,3,4,2,1,Όχι,θέλω να ενημερώνομαι και να ακολουθώ το πρόγραμμα γυμναστικής / συμβουλές του,body_building
lamise,Γυναίκα,28,5,2,4,3,4,2,2,4,4,3,Όχι,θέλω να ενημερώνομαι και να ακολουθώ το πρόγραμμα γυμναστικής / συμβουλές του,yoga
chelseasyoga,Γυναίκα,28,2,1,4,2,1,2,2,5,5,2,Όχι,θέλω να ενημερώνομαι και να ακολουθώ το πρόγραμμα γυμναστικής / συμβουλές του,yoga
joshkrameryoga,Γυναίκα,28,3,5,4,1,1,4,2,5,5,2,Ναι,έχει ωραίο σώμα;έχει ωραίο lifestyle;αναρτά ενδιαφέρον περιεχόμενο,yoga
ryan_spiteri,Άντρας,24,4,4,4,3,1,3,1,5,5,3,Ναι,θέλω να ενημερώνομαι και να ακολουθώ το πρόγραμμα γυμναστικής / συμβουλές του,body_building
lindseyvonn,Άντρας,24,5,3,4,5,4,5,1,3,3,3,Όχι,έχει ωραίο σώμα;έχει ωραίο lifestyle,athlete
ainsley,Άντρας,24,5,4,4,5,3,4,1,4,5,3,Ναι,θέλω να ενημερώνομαι και να ακολουθώ το πρόγραμμα γυμναστικής / συμβουλές του;έχει ωραίο σώμα;έχει ωραίο lifestyle,nutrition
valentinalequeux,Άντρας,24,5,4,4,4,3,4,1,5,5,3,Ναι,θέλω να ενημερώνομαι και να ακολουθώ το πρόγραμμα γυμναστικής / συμβουλές του;έχει ωραίο σώμα;έχει ωραίο lifestyle;αναρτά ενδιαφέρον περιεχόμενο,body_building
stephaniesanzo,Άντρας,24,3,3,4,3,1,4,4,4,3,1,Όχι,έχει ωραίο σώμα,body_building
jamie.bisset,Άντρας,24,4,5,4,4,2,3,3,4,5,3,Ναι,θέλω να ενημερώνομαι και να ακολουθώ το πρόγραμμα γυμναστικής / συμβουλές του,body_building
larrywheels,Άντρας,24,2,3,2,5,4,4,4,4,3,1,Όχι,έχει ωραίο σώμα,athlete
laurensimpson,Άντρας,24,5,5,4,5,2,5,1,4,4,3,Ναι,έχει ωραίο σώμα;έχει ωραίο lifestyle,body_building
johannesbartl,Άντρας,24,3,2,5,5,5,3,1,4,4,1,Ναι,έχει ωραίο lifestyle,body_building
lyzabethlopez,Άντρας,24,5,4,5,4,3,5,1,4,5,1,Ναι,έχει ωραίο σώμα;έχει ωραίο lifestyle;αναρτά ενδιαφέρον περιεχόμενο,body_building
melissawoodhealth,Γυναίκα,28,2,1,3,5,4,5,2,2,3,1,Όχι,έχει ωραίο σώμα,yoga
brittnebabe,Άντρας,24,4,4,3,5,5,5,1,4,3,3,Όχι,θέλω να ενημερώνομαι και να ακολουθώ το πρόγραμμα γυμναστικής / συμβουλές του;έχει ωραίο σώμα;έχει ωραίο lifestyle,body_building
yanitayancheva,Άντρας,24,5,5,5,5,4,5,1,4,4,3,Ναι,έχει ωραίο σώμα;έχει ωραίο lifestyle;αναρτά ενδιαφέρον περιεχόμενο,body_building
bohobeautifullife,Γυναίκα,28,3,4,4,5,4,4,3,2,2,1,Όχι,αναρτά ενδιαφέρον περιεχόμενο,yoga
jennyredfordpilates,Γυναίκα,28,4,2,4,2,2,2,2,5,5,3,Όχι,θέλω να ενημερώνομαι και να ακολουθώ το πρόγραμμα γυμναστικής / συμβουλές του,pilates
wundabarpilates,Γυναίκα,28,3,1,2,4,3,3,2,2,2,2,Όχι,θέλω να ενημερώνομαι και να ακολουθώ το πρόγραμμα γυμναστικής / συμβουλές του,pilates
yoga_girl,Άντρας,25,4,3,5,5,2,1,4,3,4,4,Όχι,έχει ωραίο σώμα;έχει ωραίο lifestyle,yoga
brittnebabe,Άντρας,25,3,4,3,2,3,4,3,4,4,2,Όχι,έχει ωραίο σώμα,body_building
tavicastro,Άντρας,25,3,5,4,5,2,3,3,3,5,2,Όχι,έχει ωραίο lifestyle,body_building
theiobot,Άντρας,25,4,3,5,5,5,1,4,3,1,4,Όχι,αναρτά ενδιαφέρον περιεχόμενο,fitness_model
Jamie.bisset,Άντρας,25,4,5,3,1,5,4,4,5,5,3,Ναι,θέλω να ενημερώνομαι και να ακολουθώ το πρόγραμμα γυμναστικής / συμβουλές του;αναρτά ενδιαφέρον περιεχόμενο,body_building
dustinpoirier,Άντρας,25,2,2,3,4,4,3,3,3,3,3,Όχι,αναρτά ενδιαφέρον περιεχόμενο,athlete
flexatronrhoden,Γυναίκα,25,3,1,3,1,5,4,3,3,1,1,Όχι,Τιποτα,body_building
frank_medrano,Γυναίκα,25,5,3,5,3,2,1,2,4,4,3,Ναι,έχει ωραίο lifestyle,body_building
Hannaoeberg,Γυναίκα,25,4,3,4,4,2,2,2,4,4,3,Όχι,έχει ωραίο lifestyle,fitness_model
casssmartin,Γυναίκα,25,4,1,2,3,2,2,4,3,2,2,Όχι,θέλω να ενημερώνομαι και να ακολουθώ το πρόγραμμα γυμναστικής / συμβουλές του,fitness_model
c.t.ali.fletcher,Γυναίκα,25,4,1,4,4,4,2,2,2,2,4,Όχι,Τιποτα,body_building
demibagby,Γυναίκα,25,5,4,4,4,2,2,2,4,4,4,Ναι,έχει ωραίο lifestyle,body_building
Yarishna,Γυναίκα,25,1,1,1,5,3,5,4,3,1,1,Όχι,Ίου. Τίποτα.,body_building
Stevecook,Γυναίκα,25,5,5,3,5,5,3,3,3,5,5,Ναι,έχει ωραίο lifestyle,body_building
jimmy_lewin,Γυναίκα,25,2,2,1,4,3,4,3,3,1,1,Όχι,δε θα το ακολουθούσα,body_building
romanelanceford,Γυναίκα,25,4,3,4,5,1,2,1,4,4,1,Ναι,θέλω να ενημερώνομαι και να ακολουθώ το πρόγραμμα γυμναστικής / συμβουλές του,body_building
ryan_spiteri,Γυναίκα,25,4,3,3,5,2,4,2,4,4,1,Ναι,θέλω να ενημερώνομαι και να ακολουθώ το πρόγραμμα γυμναστικής / συμβουλές του,body_building
valentinalequeux,Γυναίκα,25,4,3,3,4,4,3,1,4,4,1,Όχι,αναρτά ενδιαφέρον περιεχόμενο,body_building
stephaniesanzo,Γυναίκα,25,2,3,3,4,2,4,2,4,4,1,Όχι,θέλω να ενημερώνομαι και να ακολουθώ το πρόγραμμα γυμναστικής / συμβουλές του,body_building
tavicastro,Γυναίκα,25,2,2,2,4,2,4,3,3,3,1,Όχι,θέλω να ενημερώνομαι και να ακολουθώ το πρόγραμμα γυμναστικής / συμβουλές του,body_building
roellywinklaar,Γυναίκα,25,2,3,2,4,3,4,3,3,2,2,Όχι,θέλω να ενημερώνομαι και να ακολουθώ το πρόγραμμα γυμναστικής / συμβουλές του,body_building
mandysacs,Γυναίκα,25,3,3,3,4,3,4,2,3,3,1,Όχι,θέλω να ενημερώνομαι και να ακολουθώ το πρόγραμμα γυμναστικής / συμβουλές του,athlete
shonda1020,Γυναίκα,25,5,4,4,4,1,2,1,4,4,3,Ναι,θέλω να ενημερώνομαι και να ακολουθώ το πρόγραμμα γυμναστικής / συμβουλές του,nutrition
misslisamorales,Γυναίκα,25,5,4,4,4,4,2,1,4,4,3,Ναι,θέλω να ενημερώνομαι και να ακολουθώ το πρόγραμμα γυμναστικής / συμβουλές του,nutrition
lisafiitt,Γυναίκα,25,4,4,4,4,4,2,1,4,4,3,Ναι,θέλω να ενημερώνομαι και να ακολουθώ το πρόγραμμα γυμναστικής / συμβουλές του,body_building
larrywheels,Άντρας,24,2,2,2,4,2,5,4,2,2,2,Όχι,έχει ωραίο σώμα,athlete
emilyskyefit,Άντρας,24,4,3,5,5,2,3,1,3,4,4,Ναι,θέλω να ενημερώνομαι και να ακολουθώ το πρόγραμμα γυμναστικής / συμβουλές του;έχει ωραίο lifestyle,body_building
fitmencook,Άντρας,24,4,4,3,4,2,1,2,4,5,4,Ναι,θέλω να ενημερώνομαι και να ακολουθώ το πρόγραμμα γυμναστικής / συμβουλές του,nutrition
thebodycoach,Άντρας,24,3,2,2,1,4,2,1,3,3,1,Όχι,Δεν θα το ακολουθούσα,nutrition
valentinalequeux,Άντρας,24,3,4,4,4,2,3,2,4,4,4,Ναι,έχει ωραίο σώμα;έχει ωραίο lifestyle,body_building
theiobot,Άντρας,24,3,2,5,5,5,2,4,3,4,1,Ναι,αναρτά ενδιαφέρον περιεχόμενο,fitness_model
brittnebabe,Άντρας,24,2,1,2,4,2,5,4,2,1,1,Όχι,Δεν θα ακολουθούσα,body_building
lisafiitt,Άντρας,25,5,4,4,2,1,2,1,5,4,4,Ναι,θέλω να ενημερώνομαι και να ακολουθώ το πρόγραμμα γυμναστικής / συμβουλές του;έχει ωραίο lifestyle;αναρτά ενδιαφέρον περιεχόμενο,body_building
casssmartin,Γυναίκα,20,1,2,1,3,1,5,3,2,1,1,Όχι,τίποτα από τα παραπάνω φαίνεται ψεύτικη,fitness_model
kaisafit,Γυναίκα,20,5,4,4,4,1,2,2,5,4,1,Ναι,όλα τα παραπάνω,body_building
hannaoeberg,Γυναίκα,20,3,4,3,5,1,4,3,2,2,1,Όχι,δεν βρίσκω κάποιο λόγο να το κάνω ποτέ,fitness_model
ellena_fit,Άντρας,25,4,3,4,5,3,3,1,3,3,3,Όχι,έχει ωραίο σώμα;έχει ωραίο lifestyle,nutrition
alexandrashappybody,Άντρας,25,2,2,4,2,1,4,1,4,4,1,Όχι,θέλω να ενημερώνομαι και να ακολουθώ το πρόγραμμα γυμναστικής / συμβουλές του;αναρτά ενδιαφέρον περιεχόμενο,nutrition
soheefit,Άντρας,28,4,4,4,4,1,3,1,4,4,2,Όχι,έχει ωραίο σώμα;αναρτά ενδιαφέρον περιεχόμενο,nutrition
michelle_lewin,Άντρας,25,3,4,3,5,2,4,3,4,4,1,Όχι,θέλω να ενημερώνομαι και να ακολουθώ το πρόγραμμα γυμναστικής / συμβουλές του;έχει ωραίο σώμα,body_building
laurendrainfit,Άντρας,25,3,4,2,5,5,5,4,4,4,1,Ναι,έχει ωραίο σώμα;αναρτά ενδιαφέρον περιεχόμενο,body_building
yoga_girl,Άντρας,25,4,5,5,4,3,2,1,4,4,3,Ναι,αναρτά ενδιαφέρον περιεχόμενο,yoga
alexajeanfitness,Άντρας,25,4,4,4,5,3,2,1,3,3,3,Όχι,θέλω να ενημερώνομαι και να ακολουθώ το πρόγραμμα γυμναστικής / συμβουλές του;αναρτά ενδιαφέρον περιεχόμενο,pilates
shonda1020,Άντρας,25,4,5,4,2,1,3,1,5,5,3,Ναι,θέλω να ενημερώνομαι και να ακολουθώ το πρόγραμμα γυμναστικής / συμβουλές του;έχει ωραίο σώμα;αναρτά ενδιαφέρον περιεχόμενο,nutrition
lisafiitt,Άντρας,25,3,4,3,3,2,4,4,5,5,1,Ναι,θέλω να ενημερώνομαι και να ακολουθώ το πρόγραμμα γυμναστικής / συμβουλές του,body_building
ainsley,Άντρας,25,4,4,4,3,2,4,1,4,4,2,Ναι,έχει ωραίο σώμα;έχει ωραίο lifestyle,nutrition
brittnebabe,Άντρας,25,2,4,3,4,4,5,3,3,2,2,Όχι,έχει ωραίο σώμα,body_building
ainsley,Άντρας,25,4,3,4,4,2,2,4,4,4,3,Όχι,έχει ωραίο σώμα;έχει ωραίο lifestyle;αναρτά ενδιαφέρον περιεχόμενο,nutrition
lisafiitt,Άντρας,25,5,5,5,4,3,4,4,5,5,5,Ναι,θέλω να ενημερώνομαι και να ακολουθώ το πρόγραμμα γυμναστικής / συμβουλές του;έχει ωραίο σώμα;έχει ωραίο lifestyle;αναρτά ενδιαφέρον περιεχόμενο,body_building
thebodycoach,Άντρας,25,2,4,4,1,4,2,3,4,4,2,Όχι,αναρτά ενδιαφέρον περιεχόμενο,nutrition
lifeperiway,Άντρας,25,3,3,4,4,4,2,4,4,4,4,Όχι,Bodybuilding content,athlete
kerispilatesroom,Γυναίκα,29,5,4,5,5,1,2,1,4,4,3,Ναι,θέλω να ενημερώνομαι και να ακολουθώ το πρόγραμμα γυμναστικής / συμβουλές του;έχει ωραίο lifestyle,pilates
bohobeautifullife,Γυναίκα,29,4,4,4,5,2,2,2,2,2,3,Όχι,αναρτά ενδιαφέρον περιεχόμενο,yoga
jjweeks_pilates,Γυναίκα,29,2,2,3,1,1,4,3,5,4,2,Όχι,θέλω να ενημερώνομαι και να ακολουθώ το πρόγραμμα γυμναστικής / συμβουλές του;έχει ωραίο σώμα,pilates
TheBallerina,Γυναίκα,24,4,5,4,3,1,2,1,5,4,1,Ναι,αναρτά ενδιαφέρον περιεχόμενο,dance
jadebug98,Γυναίκα,24,3,4,4,4,2,4,1,4,3,1,Όχι,αναρτά ενδιαφέρον περιεχόμενο,dance
officialdavidhallberg,Γυναίκα,24,5,5,5,4,1,3,2,5,5,1,Ναι,αναρτά ενδιαφέρον περιεχόμενο,dance
Colleenmwerner,Γυναίκα,24,5,4,5,3,1,1,1,3,1,4,Όχι,αναρτά ενδιαφέρον περιεχόμενο,dance
Colleenmwerner,Γυναίκα,24,5,4,5,3,1,1,1,3,1,4,Όχι,αναρτά ενδιαφέρον περιεχόμενο,dance
daniil,Γυναίκα,24,5,5,5,3,1,2,1,5,5,1,Ναι,αναρτά ενδιαφέρον περιεχόμενο,dance
autumnmiller,Γυναίκα,24,4,4,4,3,5,4,1,4,4,4,Ναι,έχει ωραίο σώμα;έχει ωραίο lifestyle;αναρτά ενδιαφέρον περιεχόμενο,dance
autumnmiller,Γυναίκα,24,4,4,4,3,5,4,1,4,4,4,Ναι,έχει ωραίο σώμα;έχει ωραίο lifestyle;αναρτά ενδιαφέρον περιεχόμενο,dance
Colleenmwerner,Γυναίκα,24,5,4,5,3,1,1,1,3,1,4,Όχι,αναρτά ενδιαφέρον περιεχόμενο,dance
therock,Άντρας,27,4,2,4,4,5,2,2,4,4,2,Ναι,έχει ωραίο lifestyle,body_building
sommerray,Άντρας,27,3,2,3,3,1,5,2,2,2,1,Όχι,έχει ωραίο σώμα,fitness_model
schwarzenegger,Άντρας,27,5,2,5,3,1,2,2,5,5,3,Ναι,αναρτά ενδιαφέρον περιεχόμενο,body_building
hannahstocking,Άντρας,27,2,2,2,4,4,5,3,2,1,1,Όχι,έχει ωραίο lifestyle,fitness_model
iamyanetgarcia,Άντρας,27,3,2,3,4,4,5,3,3,3,2,Όχι,έχει ωραίο σώμα,fitness_model
anllela_sagra,Άντρας,27,3,2,4,4,5,4,2,5,4,2,Όχι,έχει ωραίο σώμα,body_building
jenselter,Άντρας,27,4,3,3,2,5,4,2,5,5,2,Ναι,θέλω να ενημερώνομαι και να ακολουθώ το πρόγραμμα γυμναστικής / συμβουλές του,fitness_model
tammyhembrow,Άντρας,27,2,2,3,4,2,5,2,3,2,1,Όχι,έχει ωραίο σώμα,fitness_model
amandaeliselee,Άντρας,27,3,2,4,5,2,5,2,3,2,1,Όχι,έχει ωραίο σώμα,fitness_model
nastya_nass_,Άντρας,27,1,2,2,4,1,5,2,4,1,1,Όχι,έχει ωραίο σώμα,dance
ulissesworld,Άντρας,27,4,3,4,2,5,4,2,5,5,2,Όχι,θέλω να ενημερώνομαι και να ακολουθώ το πρόγραμμα γυμναστικής / συμβουλές του,body_building
simeonpanda,Άντρας,27,2,2,3,4,2,5,2,4,4,1,Όχι,θέλω να ενημερώνομαι και να ακολουθώ το πρόγραμμα γυμναστικής / συμβουλές του,body_building
kaigreene,Άντρας,27,4,3,3,2,5,2,2,5,5,2,Ναι,θέλω να ενημερώνομαι και να ακολουθώ το πρόγραμμα γυμναστικής / συμβουλές του,body_building
eva_andressa,Άντρας,27,3,2,3,2,4,4,2,3,3,1,Όχι,θέλω να ενημερώνομαι και να ακολουθώ το πρόγραμμα γυμναστικής / συμβουλές του,body_building
lazar_angelov_official,Άντρας,27,2,2,3,3,4,4,3,3,2,1,Όχι,θέλω να ενημερώνομαι και να ακολουθώ το πρόγραμμα γυμναστικής / συμβουλές του,body_building
sergiconstance,Άντρας,27,3,2,4,3,2,5,2,4,3,1,Όχι,θέλω να ενημερώνομαι και να ακολουθώ το πρόγραμμα γυμναστικής / συμβουλές του,body_building
saschafitness,Άντρας,27,4,4,3,4,4,3,2,4,4,2,Ναι,θέλω να ενημερώνομαι και να ακολουθώ το πρόγραμμα γυμναστικής / συμβουλές του,fitness_model
andreideiu_,Άντρας,27,1,2,2,3,4,5,3,3,2,1,Όχι,έχει ωραίο lifestyle,body_building
jeff_seid,Άντρας,27,2,1,3,3,4,5,3,3,2,1,Όχι,έχει ωραίο lifestyle,body_building
ronniecoleman8,Άντρας,27,5,4,5,3,2,2,2,5,5,3,Ναι,θέλω να ενημερώνομαι και να ακολουθώ το πρόγραμμα γυμναστικής / συμβουλές του,body_building
bradleymartyn,Άντρας,27,1,1,2,4,4,5,4,2,2,1,Όχι,έχει ωραίο lifestyle,body_building
philheath,Άντρας,27,4,3,4,3,5,3,2,5,5,2,Ναι,θέλω να ενημερώνομαι και να ακολουθώ το πρόγραμμα γυμναστικής / συμβουλές του,body_building
sadikhadzovic,Άντρας,27,4,2,4,2,2,3,2,5,4,2,Όχι,θέλω να ενημερώνομαι και να ακολουθώ το πρόγραμμα γυμναστικής / συμβουλές του,body_building
big_ramy,Άντρας,27,2,2,2,3,2,5,3,3,3,1,Όχι,θέλω να ενημερώνομαι και να ακολουθώ το πρόγραμμα γυμναστικής / συμβουλές του,body_building
martynfordofficial,Άντρας,27,3,3,4,2,2,2,2,4,3,2,Όχι,έχει ωραίο lifestyle,body_building
stevecook,Άντρας,27,3,2,3,4,2,5,2,3,3,2,Όχι,έχει ωραίο lifestyle,body_building
dance,Γυναίκα,24,5,5,5,4,1,1,1,5,5,2,Ναι,αναρτά ενδιαφέρον περιεχόμενο,dance
yarishna,Άντρας,27,2,2,2,2,4,5,3,4,1,1,Όχι,θέλω να ενημερώνομαι και να ακολουθώ το πρόγραμμα γυμναστικής / συμβουλές του,body_building
demibagby,Άντρας,27,5,5,5,2,4,3,1,5,5,3,Ναι,έχει ωραίο lifestyle,body_building
c.t.ali.fletcher,Άντρας,27,4,2,4,3,3,4,5,4,4,1,Όχι,θέλω να ενημερώνομαι και να ακολουθώ το πρόγραμμα γυμναστικής / συμβουλές του,body_building
itscaitlinturner,Γυναίκα,28,4,5,4,2,1,3,2,4,4,3,Όχι,αναρτά ενδιαφέρον περιεχόμενο,yoga
thebodycoach,Γυναίκα,24,4,3,5,3,2,1,1,5,5,1,Όχι,θέλω να ενημερώνομαι και να ακολουθώ το πρόγραμμα γυμναστικής / συμβουλές του,nutrition
casssmartin,Άντρας,27,4,2,4,3,4,4,2,4,4,2,Ναι,έχει ωραίο σώμα,fitness_model
dylanwerneryoga,Γυναίκα,28,3,5,2,1,1,2,3,4,4,1,Όχι,αναρτά ενδιαφέρον περιεχόμενο,yoga
hannaoeberg,Άντρας,27,4,2,4,4,2,3,2,4,4,2,Όχι,θέλω να ενημερώνομαι και να ακολουθώ το πρόγραμμα γυμναστικής / συμβουλές του,fitness_model
pilates949,Γυναίκα,28,4,4,4,3,2,3,2,4,3,3,Ναι,αναρτά ενδιαφέρον περιεχόμενο,pilates
frank_medrano,Άντρας,27,5,4,4,2,4,2,2,5,5,2,Ναι,θέλω να ενημερώνομαι και να ακολουθώ το πρόγραμμα γυμναστικής / συμβουλές του,body_building
flexatronrhoden,Άντρας,27,2,2,3,3,4,5,3,5,3,1,Όχι,θέλω να ενημερώνομαι και να ακολουθώ το πρόγραμμα γυμναστικής / συμβουλές του,body_building
flex_lewis,Άντρας,27,3,3,3,5,4,4,2,4,3,1,Όχι,θέλω να ενημερώνομαι και να ακολουθώ το πρόγραμμα γυμναστικής / συμβουλές του,body_building
mrolympia08,Άντρας,27,4,2,4,4,4,4,3,5,4,2,Όχι,θέλω να ενημερώνομαι και να ακολουθώ το πρόγραμμα γυμναστικής / συμβουλές του,body_building
brandon__curry,Άντρας,27,3,2,4,4,2,4,2,4,3,1,Όχι,θέλω να ενημερώνομαι και να ακολουθώ το πρόγραμμα γυμναστικής / συμβουλές του,body_building
kaisafit,Άντρας,27,2,2,3,5,5,3,2,3,2,1,Όχι,θέλω να ενημερώνομαι και να ακολουθώ το πρόγραμμα γυμναστικής / συμβουλές του,body_building
juditmoreno22,Άντρας,27,2,2,3,5,5,5,2,2,2,1,Όχι,έχει ωραίο σώμα,fitness_model
sommerray,Άντρας,32,5,5,3,5,5,5,3,4,3,3,Ναι,έχει ωραίο σώμα;Με ανεβάζει,fitness_model
sophiebrace_fit,Άντρας,27,5,4,5,3,1,3,1,4,5,3,Ναι,θέλω να ενημερώνομαι και να ακολουθώ το πρόγραμμα γυμναστικής / συμβουλές του;έχει ωραίο σώμα;έχει ωραίο lifestyle;αναρτά ενδιαφέρον περιεχόμενο,fitness_model
ashleygalvinyoga,Γυναίκα,28,4,3,4,2,2,3,2,3,3,1,Όχι,αναρτά ενδιαφέρον περιεχόμενο,yoga
colleensaidman,Γυναίκα,28,3,1,2,4,5,2,3,2,2,1,Όχι,θέλω να ενημερώνομαι και να ακολουθώ το πρόγραμμα γυμναστικής / συμβουλές του,yoga
fluidformpilates,Γυναίκα,28,5,4,4,3,3,2,2,5,5,3,Όχι,θέλω να ενημερώνομαι και να ακολουθώ το πρόγραμμα γυμναστικής / συμβουλές του,pilates
dade2shelby,Γυναίκα,28,2,1,2,3,1,3,4,2,2,1,Όχι,αναρτά ενδιαφέρον περιεχόμενο,yoga
andreitalevin,Γυναίκα,28,3,5,3,1,1,3,2,4,3,2,Όχι,αναρτά ενδιαφέρον περιεχόμενο,yoga
movewithnicole,Γυναίκα,28,2,1,2,4,3,5,4,3,3,1,Όχι,θέλω να ενημερώνομαι και να ακολουθώ το πρόγραμμα γυμναστικής / συμβουλές του,yoga
junglejohanna,Γυναίκα,28,3,4,2,5,2,5,4,1,1,1,Όχι,έχει ωραίο σώμα;έχει ωραίο lifestyle;αναρτά ενδιαφέρον περιεχόμενο,yoga
pmacfitness,Γυναίκα,24,4,3,4,2,3,1,1,4,4,4,Ναι,θέλω να ενημερώνομαι και να ακολουθώ το πρόγραμμα γυμναστικής / συμβουλές του;αναρτά ενδιαφέρον περιεχόμενο;έχει ωραια vibes,nutrition
lucymountain,Γυναίκα,24,5,5,4,2,5,1,1,5,5,3,Ναι,θέλω να ενημερώνομαι και να ακολουθώ το πρόγραμμα γυμναστικής / συμβουλές του;αναρτά ενδιαφέρον περιεχόμενο,nutrition
bdccarpenter,Γυναίκα,24,3,3,3,4,2,3,2,4,3,2,Όχι,θέλω να ενημερώνομαι και να ακολουθώ το πρόγραμμα γυμναστικής / συμβουλές του,nutrition
zocobodypro,Γυναίκα,24,2,3,3,2,3,4,2,3,3,1,Όχι,έχει ωραίο σώμα,body_building
lyzabethlopez,Γυναίκα,24,4,3,3,5,3,4,2,3,2,2,Όχι,έχει ωραίο lifestyle,body_building
yanitayancheva,Γυναίκα,24,3,4,3,5,3,5,2,3,4,3,Όχι,έχει ωραίο σώμα;έχει ωραίο lifestyle,body_building
dustinpoirier,Γυναίκα,24,3,3,2,5,2,2,4,4,3,2,Όχι,έχει ωραίο lifestyle,athlete
roellywinklaar,Γυναίκα,24,3,3,2,4,4,4,4,3,3,2,Όχι,αναρτά ενδιαφέρον περιεχόμενο;πραγματικα δεν θα το εκανα για κανεναν λογο (ελενη),body_building
johannesbartl,Γυναίκα,24,5,4,4,4,2,1,2,4,4,3,Ναι,θέλω να ενημερώνομαι και να ακολουθώ το πρόγραμμα γυμναστικής / συμβουλές του;έχει ωραίο lifestyle;αναρτά ενδιαφέρον περιεχόμενο;εχει τελειο σκυλο!,body_building
laurensimpson,Γυναίκα,24,4,3,3,2,1,4,2,4,4,4,Ναι,θέλω να ενημερώνομαι και να ακολουθώ το πρόγραμμα γυμναστικής / συμβουλές του;έχει ωραίο σώμα;αναρτά ενδιαφέρον περιεχόμενο,body_building
fitmencook,Γυναίκα,24,4,5,4,3,2,2,1,4,3,2,Όχι,έχει ωραίο lifestyle,nutrition
ellena_fit,Γυναίκα,24,4,3,5,4,2,3,1,5,4,1,Ναι,θέλω να ενημερώνομαι και να ακολουθώ το πρόγραμμα γυμναστικής / συμβουλές του,nutrition
michelle_lewin,Γυναίκα,24,3,3,4,4,3,3,2,3,3,3,Όχι,θέλω να ενημερώνομαι και να ακολουθώ το πρόγραμμα γυμναστικής / συμβουλές του;έχει ωραίο σώμα,body_building
pmacfitness,Γυναίκα,24,4,4,5,2,1,1,1,5,5,1,Ναι,θέλω να ενημερώνομαι και να ακολουθώ το πρόγραμμα γυμναστικής / συμβουλές του,nutrition
emilyskyefit,Γυναίκα,24,4,4,4,5,3,2,2,4,3,3,Όχι,θέλω να ενημερώνομαι και να ακολουθώ το πρόγραμμα γυμναστικής / συμβουλές του;αναρτά ενδιαφέρον περιεχόμενο,body_building
lisahubbardpilates,Γυναίκα,28,3,2,3,2,1,3,3,4,3,1,Όχι,θέλω να ενημερώνομαι και να ακολουθώ το πρόγραμμα γυμναστικής / συμβουλές του,pilates
sylviaroberts_pilates,Γυναίκα,28,4,4,4,2,1,2,2,4,5,2,Όχι,θέλω να ενημερώνομαι και να ακολουθώ το πρόγραμμα γυμναστικής / συμβουλές του,pilates
blogilates,Γυναίκα,28,5,4,4,2,1,2,2,5,5,2,Όχι,θέλω να ενημερώνομαι και να ακολουθώ το πρόγραμμα γυμναστικής / συμβουλές του;αναρτά ενδιαφέρον περιεχόμενο,pilates
anacheri,Άντρας,23,4,3,2,4,4,4,2,3,2,4,Ναι,έχει ωραίο σώμα,fitness_model
kayla_itsines,Άντρας,16,4,4,5,5,1,1,4,3,4,3,Ναι,αναρτά ενδιαφέρον περιεχόμενο,body_building
bdccarpenter,Άντρας,16,5,5,4,3,4,1,3,5,5,3,Ναι,θέλω να ενημερώνομαι και να ακολουθώ το πρόγραμμα γυμναστικής / συμβουλές του,nutrition
zocobodypro,Άντρας,16,4,5,4,2,5,1,4,5,5,4,Ναι,θέλω να ενημερώνομαι και να ακολουθώ το πρόγραμμα γυμναστικής / συμβουλές του,body_building
alexandrashappybody,Άντρας,16,5,5,5,1,5,1,4,5,5,3,Ναι,θέλω να ενημερώνομαι και να ακολουθώ το πρόγραμμα γυμναστικής / συμβουλές του,nutrition
soheefit,Άντρας,16,5,4,5,5,4,1,4,4,5,3,Ναι,έχει ωραίο σώμα,nutrition
jimmy_lewin,Άντρας,16,5,4,4,5,4,1,5,3,3,2,Ναι,Έχει δυνατά βιώματα.,body_building
kayla_itsines,Άντρας,15,5,5,4,5,5,3,4,4,5,2,Ναι,αναρτά ενδιαφέρον περιεχόμενο,body_building
laurendrainfit,Άντρας,16,4,4,3,4,2,3,4,2,3,2,Ναι,έχει ωραίο σώμα,body_building
tavicastro,Άντρας,16,3,3,3,4,3,5,3,2,3,1,Όχι,έχει ωραίο σώμα,body_building
bdccarpenter,Άντρας,15,4,5,5,4,1,2,4,5,5,2,Ναι,αναρτά ενδιαφέρον περιεχόμενο,nutrition
alexajeanfitness,Άντρας,16,5,5,4,5,3,1,4,4,4,3,Ναι,έχει ωραίο lifestyle,pilates
missmiafit,Άντρας,16,3,3,2,3,4,4,2,3,2,1,Ναι,έχει ωραίο σώμα,body_building
zocobodypro,Άντρας,15,5,4,5,5,2,2,4,4,4,3,Ναι,αναρτά ενδιαφέρον περιεχόμενο,body_building
joeyswoll,Άντρας,16,2,3,1,3,3,4,2,2,2,1,Όχι,έχει ωραίο σώμα,body_building
lindseyvonn,Άντρας,16,3,2,4,2,3,3,2,2,3,2,Όχι,έχει ωραίο lifestyle,athlete
alexandrashappybody,Άντρας,15,4,4,4,3,3,1,3,4,3,2,Ναι,έχει ωραίο σώμα,nutrition
lucymountain,Άντρας,16,4,5,4,2,1,1,4,5,5,4,Ναι,θέλω να ενημερώνομαι και να ακολουθώ το πρόγραμμα γυμναστικής / συμβουλές του,nutrition
soheefit,Άντρας,15,4,4,5,5,2,2,4,5,3,4,Ναι,έχει ωραίο lifestyle,nutrition
jimmy_lewin,Άντρας,15,4,3,4,4,2,3,4,3,4,3,Ναι,αναρτά ενδιαφέρον περιεχόμενο,body_building
eva_andressa,Άντρας,27,5,4,4,4,2,3,3,4,3,3,Ναι,αναρτά ενδιαφέρον περιεχόμενο,body_building
casssmartin,Άντρας,27,5,4,3,3,2,3,3,4,4,3,Ναι,έχει ωραίο σώμα,fitness_model
therock,Άντρας,27,4,5,5,5,3,4,3,5,5,4,Ναι,έχει ωραίο lifestyle;αναρτά ενδιαφέρον περιεχόμενο,body_building
laurendrainfit,Άντρας,15,4,3,3,2,2,4,4,3,2,2,Ναι,έχει ωραίο σώμα,body_building
sophiebrace_fit,Άντρας,27,5,3,4,3,2,2,2,4,3,3,Ναι,έχει ωραίο σώμα,fitness_model
juditmoreno22,Άντρας,27,5,3,3,2,4,2,3,4,4,3,Ναι,έχει ωραίο σώμα,fitness_model
tavicastro,Άντρας,15,4,3,4,3,2,5,4,3,4,4,Όχι,έχει ωραίο lifestyle,body_building
bradleymartyn,Άντρας,27,4,4,4,5,3,4,3,5,5,3,Ναι,έχει ωραίο lifestyle,body_building
alexajeanfitness,Άντρας,15,4,4,4,4,2,4,4,3,3,4,Όχι,έχει ωραίο σώμα,pilates
jamie.bisset,Γυναίκα,24,3,2,2,1,1,2,1,4,3,1,Όχι,έχει ωραίο σώμα,body_building
missmiafit,Άντρας,15,4,5,4,4,2,2,4,3,3,3,Ναι,έχει ωραίο lifestyle,body_building
larrywheels,Γυναίκα,24,1,2,1,4,3,5,3,1,1,1,Όχι,θέλω να ενημερώνομαι και να ακολουθώ το πρόγραμμα γυμναστικής / συμβουλές του;έχει ωραίο lifestyle,athlete
joeyswoll,Άντρας,15,3,4,4,3,2,4,4,3,2,3,Όχι,αναρτά ενδιαφέρον περιεχόμενο,body_building
laurensimpson,Γυναίκα,24,4,4,3,2,2,3,1,4,4,3,Ναι,αναρτά ενδιαφέρον περιεχόμενο,body_building
johannesbartl,Γυναίκα,24,4,4,4,4,3,2,2,3,2,2,Όχι,αναρτά ενδιαφέρον περιεχόμενο,body_building
lindseyvonn,Άντρας,15,4,3,4,4,2,2,4,3,3,4,Όχι,έχει ωραίο lifestyle,athlete
lyzabethlopez,Γυναίκα,24,4,4,5,5,2,2,1,4,4,4,Ναι,έχει ωραίο lifestyle,body_building
brittnebabe,Γυναίκα,24,2,2,3,2,3,2,1,3,3,2,Όχι,έχει ωραίο σώμα,body_building
yanitayancheva,Γυναίκα,24,2,1,2,5,1,5,2,2,2,2,Όχι,έχει ωραίο σώμα,body_building
lucymountain,Άντρας,15,4,4,4,5,2,2,4,2,3,4,Ναι,έχει ωραίο lifestyle,nutrition
tavicastro,Γυναίκα,24,2,2,1,3,4,4,4,3,2,1,Όχι,έχει ωραίο σώμα,body_building
roellywinklaar,Γυναίκα,24,2,2,2,3,3,3,4,2,1,1,Όχι,έχει ωραίο lifestyle,body_building
dustinpoirier,Γυναίκα,24,4,2,4,5,2,2,1,3,4,4,Όχι,αναρτά ενδιαφέρον περιεχόμενο,athlete
mrolympia08,Άντρας,27,5,3,4,4,3,3,2,4,3,3,Όχι,θέλω να ενημερώνομαι και να ακολουθώ το πρόγραμμα γυμναστικής / συμβουλές του,body_building
sadikhadzovic,Άντρας,27,4,3,4,3,4,3,3,3,2,2,Όχι,θέλω να ενημερώνομαι και να ακολουθώ το πρόγραμμα γυμναστικής / συμβουλές του,body_building
Blogilates,Άντρας,29,1,1,2,3,2,5,3,4,1,1,Όχι,έχει ωραίο lifestyle,pilates
amandabisk,Γυναίκα,24,4,5,4,3,5,3,2,5,4,3,Ναι,θέλω να ενημερώνομαι και να ακολουθώ το πρόγραμμα γυμναστικής / συμβουλές του;έχει ωραίο σώμα;έχει ωραίο lifestyle;αναρτά ενδιαφέρον περιεχόμενο,yoga
traceymallett,Γυναίκα,24,3,3,3,4,4,4,3,4,3,2,Όχι,θέλω να ενημερώνομαι και να ακολουθώ το πρόγραμμα γυμναστικής / συμβουλές του;έχει ωραίο σώμα,pilates
paola_pilates,Γυναίκα,24,4,3,4,5,5,4,2,4,4,3,Όχι,θέλω να ενημερώνομαι και να ακολουθώ το πρόγραμμα γυμναστικής / συμβουλές του,pilates
blogilates,Γυναίκα,24,5,5,4,5,4,4,3,3,4,4,Ναι,θέλω να ενημερώνομαι και να ακολουθώ το πρόγραμμα γυμναστικής / συμβουλές του;έχει ωραίο σώμα;έχει ωραίο lifestyle;αναρτά ενδιαφέρον περιεχόμενο,pilates
Pilates949,Γυναίκα,42,4,4,4,3,2,1,2,4,4,1,Ναι,αναρτά ενδιαφέρον περιεχόμενο,pilates
pilates949,Άντρας;Γυναίκα,34,4,4,4,4,2,2,2,4,4,3,Ναι,θέλω να ενημερώνομαι και να ακολουθώ το πρόγραμμα γυμναστικής / συμβουλές του,pilates
bdccarpenter,Άντρας,23,3,5,3,3,4,3,2,4,4,2,Ναι,θέλω να ενημερώνομαι και να ακολουθώ το πρόγραμμα γυμναστικής / συμβουλές του,nutrition
hannahstocking,Άντρας,28,3,2,2,4,4,4,3,3,3,3,Ναι,έχει ωραίο σώμα,fitness_model
iamyanetgarcia,Άντρας,28,5,5,4,5,2,1,2,5,5,5,Ναι,έχει ωραίο lifestyle,fitness_model
anllela_sagra,Άντρας,28,5,4,4,5,1,3,2,5,5,4,Ναι,θέλω να ενημερώνομαι και να ακολουθώ το πρόγραμμα γυμναστικής / συμβουλές του,body_building
jenselter,Άντρας,28,2,2,3,3,2,4,1,3,1,2,Ναι,έχει ωραίο σώμα,fitness_model
tammyhembrow,Άντρας,28,5,5,5,5,1,4,1,5,5,5,Ναι,αναρτά ενδιαφέρον περιεχόμενο,fitness_model
amandaeliselee,Άντρας,28,2,2,4,3,2,3,2,3,3,2,Ναι,έχει ωραίο lifestyle,fitness_model
nastya_nass_,Άντρας,28,4,3,3,5,3,2,2,4,4,4,Ναι,έχει ωραίο σώμα,dance
eva_andressa,Άντρας,28,3,3,4,4,4,3,4,5,5,1,Όχι,θέλω να ενημερώνομαι και να ακολουθώ το πρόγραμμα γυμναστικής / συμβουλές του,body_building
saschafitness,Άντρας,28,4,3,5,4,3,1,1,4,1,3,Όχι,αναρτά ενδιαφέρον περιεχόμενο,fitness_model
yarishna,Άντρας,28,1,1,1,3,2,5,5,4,4,1,Όχι,θέλω να ενημερώνομαι και να ακολουθώ το πρόγραμμα γυμναστικής / συμβουλές του,body_building
demibagby,Άντρας,28,4,4,3,4,4,2,4,4,3,1,Όχι,αναρτά ενδιαφέρον περιεχόμενο,body_building
casssmartin,Άντρας,28,4,4,4,5,2,3,1,5,5,5,Ναι,έχει ωραίο σώμα,fitness_model
hannaoeberg,Άντρας,28,3,3,4,4,3,1,1,4,4,2,Όχι,θέλω να ενημερώνομαι και να ακολουθώ το πρόγραμμα γυμναστικής / συμβουλές του,fitness_model
kaisafit,Άντρας,28,1,2,3,3,5,3,3,2,2,1,Όχι,έχει ωραίο σώμα,body_building
juditmoreno22,Άντρας,28,5,5,5,5,1,2,1,5,5,5,Ναι,θέλω να ενημερώνομαι και να ακολουθώ το πρόγραμμα γυμναστικής / συμβουλές του,fitness_model
sophiebrace_fit,Άντρας,28,4,1,4,3,5,2,2,2,1,1,Όχι,αναρτά ενδιαφέρον περιεχόμενο,fitness_model
PAOLA_PILATES,Άντρας,30,4,4,4,4,1,3,1,4,4,3,Όχι,έχει ωραίο σώμα,pilates
alexandrashappybody,Γυναίκα,24,3,4,3,1,1,1,1,5,5,1,Όχι,θέλω να ενημερώνομαι και να ακολουθώ το πρόγραμμα γυμναστικής / συμβουλές του,nutrition
lucymountain,Γυναίκα,24,5,5,5,3,3,1,1,3,3,1,Όχι,έχει ωραίο lifestyle,nutrition
soheefit,Γυναίκα,24,5,5,5,4,2,1,1,5,5,1,Ναι,θέλω να ενημερώνομαι και να ακολουθώ το πρόγραμμα γυμναστικής / συμβουλές του,nutrition
kerispilatesroom,Γυναίκα,28,5,4,4,4,4,2,2,4,4,3,Ναι,θέλω να ενημερώνομαι και να ακολουθώ το πρόγραμμα γυμναστικής / συμβουλές του,pilates
pilates949,Γυναίκα,28,3,3,3,2,5,2,2,5,4,2,Όχι,θέλω να ενημερώνομαι και να ακολουθώ το πρόγραμμα γυμναστικής / συμβουλές του,pilates
jjweeks_pilates,Γυναίκα,28,4,3,4,1,1,2,2,5,5,2,Όχι,θέλω να ενημερώνομαι και να ακολουθώ το πρόγραμμα γυμναστικής / συμβουλές του,pilates
sianmarshallpilates,Γυναίκα,28,3,1,4,1,2,2,2,4,4,1,Όχι,δεν βρισκω κανενα ενδιαφερον (Αλεξια),pilates
paola_pilates,Γυναίκα,28,5,4,4,1,1,2,1,5,5,2,Ναι,θέλω να ενημερώνομαι και να ακολουθώ το πρόγραμμα γυμναστικής / συμβουλές του;αναρτά ενδιαφέρον περιεχόμενο,pilates
pilatesplaceyyc,Γυναίκα,28,4,2,4,1,1,1,2,4,3,2,Όχι,θέλω να ενημερώνομαι και να ακολουθώ το πρόγραμμα γυμναστικής / συμβουλές του,pilates
traceymallett,Γυναίκα,28,3,2,3,1,3,3,2,3,3,1,Όχι,θέλω να ενημερώνομαι και να ακολουθώ το πρόγραμμα γυμναστικής / συμβουλές του,pilates
amandabisk,Γυναίκα,28,4,4,4,3,1,3,2,4,4,1,Ναι,θέλω να ενημερώνομαι και να ακολουθώ το πρόγραμμα γυμναστικής / συμβουλές του;αναρτά ενδιαφέρον περιεχόμενο,yoga
jenselter,Γυναίκα,28,4,3,3,4,3,5,2,2,3,1,Όχι,έχει ωραίο σώμα,fitness_model
amandaeliselee,Γυναίκα,28,2,2,4,5,3,5,2,2,1,1,Όχι,"Με τπτ, πιο ναρκισσισμος πεθαινεις (Αλεξια)",fitness_model
anllela_sagra,Γυναίκα,28,2,2,2,5,3,5,3,1,2,1,Όχι,"Με τπτ, απαραδεκτες φωτογραφιες, φουλ προκλητικες (Αλεξια)",body_building
sergiconstance,Γυναίκα,28,2,2,2,3,2,5,4,2,2,1,Όχι,"Με τπτ, ποζαρει με πολυ υφος",body_building
ronniecoleman8,Γυναίκα,28,4,1,2,2,4,2,4,3,1,1,Όχι,Τουλαχιστον φαινεται συμπαθητικος,body_building
lazar_angelov_official,Γυναίκα,28,2,1,2,4,4,5,4,1,1,1,Όχι,"Με τπτ, πολυ υφος",body_building
tammyhembrow,Γυναίκα,28,2,1,2,5,5,5,3,1,2,1,Όχι,έχει ωραίο σώμα,fitness_model
sianmarshallpilates,Γυναίκα,29,4,1,3,2,2,4,3,4,4,1,Όχι,θέλω να ενημερώνομαι και να ακολουθώ το πρόγραμμα γυμναστικής / συμβουλές του,pilates
paola_pilates,Γυναίκα,29,4,3,4,1,2,3,2,3,4,1,Όχι,θέλω να ενημερώνομαι και να ακολουθώ το πρόγραμμα γυμναστικής / συμβουλές του;έχει ωραίο σώμα,pilates
pilatesplaceyyc,Γυναίκα,29,2,1,3,1,2,2,4,3,3,1,Όχι,θέλω να ενημερώνομαι και να ακολουθώ το πρόγραμμα γυμναστικής / συμβουλές του,pilates
traceymallett,Γυναίκα,29,3,2,3,2,4,5,3,4,3,1,Όχι,θέλω να ενημερώνομαι και να ακολουθώ το πρόγραμμα γυμναστικής / συμβουλές του,pilates
amandabisk,Γυναίκα,29,5,5,4,4,2,2,2,5,4,4,Ναι,έχει ωραίο σώμα;έχει ωραίο lifestyle;αναρτά ενδιαφέρον περιεχόμενο,yoga
itscaitlinturner,Γυναίκα,29,4,4,4,3,4,4,2,3,3,1,Όχι,αναρτά ενδιαφέρον περιεχόμενο,yoga
catmeffan,Γυναίκα,29,4,5,4,4,3,4,1,4,4,4,Ναι,έχει ωραίο σώμα;αναρτά ενδιαφέρον περιεχόμενο,yoga
andreitalevin,Γυναίκα,29,4,5,4,4,2,3,2,4,4,2,Ναι,έχει ωραίο σώμα;έχει ωραίο lifestyle;αναρτά ενδιαφέρον περιεχόμενο,yoga
theiobot,Άντρας,30,4,3,3,5,3,3,1,4,4,2,Ναι,θέλω να ενημερώνομαι και να ακολουθώ το πρόγραμμα γυμναστικής / συμβουλές του;αναρτά ενδιαφέρον περιεχόμενο,fitness_model
yoga_girl,Άντρας,30,4,4,4,4,3,2,1,4,4,3,Ναι,θέλω να ενημερώνομαι και να ακολουθώ το πρόγραμμα γυμναστικής / συμβουλές του,yoga
mandysacs,Άντρας,30,4,4,3,4,2,3,2,4,3,3,Όχι,θέλω να ενημερώνομαι και να ακολουθώ το πρόγραμμα γυμναστικής / συμβουλές του,athlete
misslisamorales,Άντρας,30,4,2,4,4,5,2,1,3,2,2,Όχι,έχει ωραίο lifestyle,nutrition
romanelanceford,Άντρας,30,4,4,4,4,2,3,2,4,3,2,Όχι,έχει ωραίο σώμα,body_building
lifeperiway,Άντρας,30,3,2,4,2,1,3,1,4,2,3,Όχι,έχει ωραίο σώμα,athlete
laurendrainfit,Άντρας,30,5,5,3,5,1,2,1,5,4,2,Ναι,θέλω να ενημερώνομαι και να ακολουθώ το πρόγραμμα γυμναστικής / συμβουλές του,body_building
emilyskyefit,Άντρας,30,4,3,4,5,3,3,1,3,3,2,Όχι,έχει ωραίο lifestyle,body_building
joeyswoll,Άντρας,30,4,4,4,4,2,2,1,4,2,2,Όχι,έχει ωραίο σώμα,body_building
stephaniesanzo,Άντρας,30,4,4,4,4,2,2,2,4,4,3,Ναι,έχει ωραίο σώμα;αναρτά ενδιαφέρον περιεχόμενο,body_building
bradleysimmonds,Άντρας,23,3,4,4,2,5,2,1,4,5,2,Ναι,θέλω να ενημερώνομαι και να ακολουθώ το πρόγραμμα γυμναστικής / συμβουλές του,body_building
cartergood,Άντρας,23,4,4,4,2,4,4,2,4,3,2,Ναι,αναρτά ενδιαφέρον περιεχόμενο,nutrition
joshkrameryoga,Άντρας,27,4,4,3,5,2,5,3,2,3,5,Όχι,Η Αλεξία μου έβαλε το μαχαίρι στον λαιμό,yoga
chontelduncan,Άντρας,24,4,3,4,4,4,3,4,4,4,2,Όχι,έχει ωραίο σώμα;Interesting exercises,body_building
chelseasyoga,Άντρας,1E+22,4,1,3,5,5,4,3,1,1,4,Όχι,μόδα αλλά μπα,yoga
dylanwerneryoga,Άντρας,29,3,3,2,3,2,2,2,3,4,2,Ναι,αναρτά ενδιαφέρον περιεχόμενο,yoga
curveswithmoves,Άντρας,24,4,2,3,5,3,3,2,2,1,2,Όχι,έχει ωραίο lifestyle,dance
ashleygalvinyoga,Γυναίκα,29,5,4,3,4,2,3,2,4,5,3,Ναι,θέλω να ενημερώνομαι και να ακολουθώ το πρόγραμμα γυμναστικής / συμβουλές του,yoga
wundabarpilates,Άντρας,27,2,2,4,5,4,5,4,4,4,1,Όχι,μα δεν θα το έκανα,pilates
jennyredfordpilates,Άντρας,27,1,1,5,5,5,3,1,5,1,1,Όχι,μάλλον κατά λάθος,pilates
Wundabarpilates,Γυναίκα,29,2,3,2,3,3,3,3,3,2,2,Όχι,έχει ωραίο σώμα,pilates
diaryofafitmommyofficial,Άντρας,24,4,4,4,3,4,1,3,2,2,3,Ναι,Gives good advices,body_building
fluidformpilates,Άντρας,27,1,1,3,5,4,3,2,3,1,3,Όχι,για κανέναν λόγο,pilates
lisahubbardpilates,Άντρας,27,1,2,3,5,5,5,2,3,2,1,Όχι,έλα ντε,pilates
diren.kartal,Άντρας,24,4,2,3,2,4,2,1,3,4,1,Ναι,αναρτά ενδιαφέρον περιεχόμενο,yoga
jennyredfordpilates,Γυναίκα,29,4,4,5,5,2,3,2,4,5,3,Ναι,θέλω να ενημερώνομαι και να ακολουθώ το πρόγραμμα γυμναστικής / συμβουλές του,pilates
sylviaroberts_pilates,Άντρας,27,3,2,3,5,5,4,2,4,2,1,Όχι,για ψυχολογικούς λόγους,pilates
emrickettz,Άντρας,24,3,5,4,3,5,2,2,5,5,2,Ναι,θέλω να ενημερώνομαι και να ακολουθώ το πρόγραμμα γυμναστικής / συμβουλές του;έχει ωραίο σώμα,body_building
paola_pilates,Άντρας,27,3,1,3,5,5,4,2,3,1,4,Όχι,ροζ,pilates
faisalpmafitness,Άντρας,24,4,4,4,4,4,3,1,4,4,1,Ναι,θέλω να ενημερώνομαι και να ακολουθώ το πρόγραμμα γυμναστικής / συμβουλές του;έχει ωραίο σώμα,body_building
fluidformpilates,Γυναίκα,29,4,3,3,3,4,3,2,3,3,2,Ναι,έχει ωραίο σώμα;έχει ωραίο lifestyle,pilates
kylehanagami,Γυναίκα,29,2,3,2,3,2,3,3,2,2,1,Όχι,αναρτά ενδιαφέρον περιεχόμενο,dance
ian_eastwood,Γυναίκα,29,2,2,2,2,1,3,3,2,2,2,Όχι,αναρτά ενδιαφέρον περιεχόμενο,dance
chontelduncan,Γυναίκα,24,4,4,3,5,2,2,1,3,5,3,Όχι,θέλω να ενημερώνομαι και να ακολουθώ το πρόγραμμα γυμναστικής / συμβουλές του,body_building
kaigreene,Άντρας,25,4,3,1,3,3,3,3,2,2,1,Όχι,θέλω να ενημερώνομαι και να ακολουθώ το πρόγραμμα γυμναστικής / συμβουλές του,body_building
simeonpanda,Άντρας,25,3,2,3,3,3,4,3,1,1,1,Όχι,έχει ωραίο σώμα,body_building
Curveswithmoves,Γυναίκα,24,5,5,4,5,4,2,2,4,4,2,Ναι,θέλω να ενημερώνομαι και να ακολουθώ το πρόγραμμα γυμναστικής / συμβουλές του;αναρτά ενδιαφέρον περιεχόμενο,dance
martynfordofficial,Άντρας,25,2,1,1,3,3,3,3,2,1,1,Όχι,αναρτά ενδιαφέρον περιεχόμενο,body_building
schwarzenegger,Άντρας,25,3,3,2,3,3,3,4,1,2,1,Όχι,αναρτά ενδιαφέρον περιεχόμενο,body_building
big_ramy,Άντρας,25,5,3,4,3,3,2,2,4,4,3,Ναι,έχει ωραίο σώμα,body_building
jeff_seid,Άντρας,25,2,2,2,3,3,4,4,2,2,2,Όχι,έχει ωραίο σώμα,body_building
ulissesworld,Άντρας,25,2,2,3,3,3,4,3,3,3,3,Όχι,έχει ωραίο lifestyle,body_building
jadebug98,Γυναίκα,29,2,2,2,3,2,4,3,2,2,2,Όχι,έχει ωραίο lifestyle,dance
tammyhembrow,Άντρας,25,3,2,3,3,3,4,3,3,1,1,Όχι,έχει ωραίο σώμα,fitness_model
sommerray,Άντρας,25,3,2,2,3,3,4,3,3,2,1,Όχι,έχει ωραίο σώμα,fitness_model
bradleymartyn,Άντρας,25,3,3,2,3,3,3,4,3,2,1,Όχι,αναρτά ενδιαφέρον περιεχόμενο,body_building
flex_lewis,Άντρας,25,4,3,3,3,3,3,3,4,4,2,Όχι,έχει ωραίο σώμα,body_building
brandon__curry,Άντρας,25,3,3,3,3,3,2,3,4,3,2,Όχι,έχει ωραίο σώμα,body_building
lazar_angelov_official,Άντρας,25,3,2,2,4,2,4,4,3,2,1,Όχι,αναρτά ενδιαφέρον περιεχόμενο,body_building
nastya_nass_,Άντρας,25,2,2,2,4,3,4,3,2,1,1,Όχι,αναρτά ενδιαφέρον περιεχόμενο,dance
andreideiu_,Άντρας,25,3,3,2,3,3,4,3,3,2,1,Όχι,έχει ωραίο σώμα,body_building
sergiconstance,Άντρας,25,3,3,3,3,3,4,3,3,2,1,Όχι,έχει ωραίο σώμα,body_building
iamyanetgarcia,Άντρας,25,3,3,2,4,3,3,3,2,1,1,Όχι,αναρτά ενδιαφέρον περιεχόμενο,fitness_model
philheath,Άντρας,25,2,2,1,2,3,3,4,3,3,1,Όχι,αναρτά ενδιαφέρον περιεχόμενο,body_building
flexatronrhoden,Άντρας,25,4,3,4,3,3,3,3,4,4,2,Όχι,θέλω να ενημερώνομαι και να ακολουθώ το πρόγραμμα γυμναστικής / συμβουλές του,body_building
hannahstocking,Άντρας,25,3,3,3,3,3,4,3,3,1,1,Όχι,αναρτά ενδιαφέρον περιεχόμενο,fitness_model
curveswithmoves,Γυναίκα,23,5,4,5,4,1,2,3,4,3,3,Ναι,"Για να βλέπω τη γυμναστική μέσα απο διαφορετικό τρόπο και όχι από καλογυμνασμένα ""τέλεια"" σώματα",dance
diaryofafitmommyofficial,Γυναίκα,23,4,2,3,4,1,1,1,5,5,2,Ναι,θέλω να ενημερώνομαι και να ακολουθώ το πρόγραμμα γυμναστικής / συμβουλές του,body_building
diren.kartal,Γυναίκα,23,4,3,4,3,4,2,2,3,3,2,Όχι,έχει ωραίο lifestyle,yoga
emrickettz,Γυναίκα,23,4,4,4,1,5,1,2,4,4,1,Ναι,θέλω να ενημερώνομαι και να ακολουθώ το πρόγραμμα γυμναστικής / συμβουλές του,body_building
faisalpmafitness,Γυναίκα,23,3,3,4,3,4,5,3,4,3,1,Όχι,έχει ωραίο lifestyle,body_building
fitgurlmel,Γυναίκα,23,3,5,4,2,1,4,3,5,5,3,Ναι,θέλω να ενημερώνομαι και να ακολουθώ το πρόγραμμα γυμναστικής / συμβουλές του;έχει ωραίο σώμα;έχει ωραίο lifestyle,fitness_model
helms3dmj,Γυναίκα,23,3,5,4,1,1,1,1,5,5,1,Όχι,θέλω να ενημερώνομαι και να ακολουθώ το πρόγραμμα γυμναστικής / συμβουλές του;αναρτά ενδιαφέρον περιεχόμενο,body_building
jamessmithpt,Γυναίκα,23,1,2,3,3,2,4,3,3,2,1,Όχι,έχει ωραίο lifestyle,body_building
Diaryofafitmommyofficial,Γυναίκα,24,5,4,5,5,2,1,1,4,3,3,Όχι,θέλω να ενημερώνομαι και να ακολουθώ το πρόγραμμα γυμναστικής / συμβουλές του,body_building
jennyfrancis23,Γυναίκα,23,5,5,5,1,5,1,2,5,5,3,Ναι,θέλω να ενημερώνομαι και να ακολουθώ το πρόγραμμα γυμναστικής / συμβουλές του;έχει ωραίο σώμα;έχει ωραίο lifestyle;αναρτά ενδιαφέρον περιεχόμενο,body_building
diren.kartal,Γυναίκα,24,4,4,4,5,3,3,3,4,5,2,Όχι,θέλω να ενημερώνομαι και να ακολουθώ το πρόγραμμα γυμναστικής / συμβουλές του;έχει ωραίο lifestyle,yoga
katiecrewe,Γυναίκα,23,5,5,5,2,1,2,3,5,5,3,Ναι,θέλω να ενημερώνομαι και να ακολουθώ το πρόγραμμα γυμναστικής / συμβουλές του;έχει ωραίο σώμα;έχει ωραίο lifestyle;αναρτά ενδιαφέρον περιεχόμενο,fitness_model
emrickettz,Γυναίκα,24,5,4,5,2,1,3,1,4,5,4,Ναι,θέλω να ενημερώνομαι και να ακολουθώ το πρόγραμμα γυμναστικής / συμβουλές του;έχει ωραίο σώμα,body_building
Faisalpmafitness,Γυναίκα,24,4,4,4,5,3,2,1,4,5,3,Όχι,θέλω να ενημερώνομαι και να ακολουθώ το πρόγραμμα γυμναστικής / συμβουλές του,body_building
Fitgurlmel,Γυναίκα,24,3,5,4,5,2,3,2,3,5,4,Ναι,θέλω να ενημερώνομαι και να ακολουθώ το πρόγραμμα γυμναστικής / συμβουλές του;έχει ωραίο σώμα,fitness_model
Helms3dmj,Γυναίκα,24,3,4,3,4,2,4,2,4,5,3,Όχι,θέλω να ενημερώνομαι και να ακολουθώ το πρόγραμμα γυμναστικής / συμβουλές του,body_building
Jamessmithpt,Γυναίκα,24,5,4,4,4,2,3,2,4,5,4,Όχι,θέλω να ενημερώνομαι και να ακολουθώ το πρόγραμμα γυμναστικής / συμβουλές του;έχει ωραίο σώμα,body_building
jennyfrancis23,Γυναίκα,24,5,5,5,5,2,2,1,4,5,4,Ναι,θέλω να ενημερώνομαι και να ακολουθώ το πρόγραμμα γυμναστικής / συμβουλές του;έχει ωραίο σώμα,body_building
theballerina,Γυναίκα,29,5,4,4,4,1,2,2,4,4,4,Ναι,θέλω να ενημερώνομαι και να ακολουθώ το πρόγραμμα γυμναστικής / συμβουλές του,ballet
diaryofafitmommyofficial,Γυναίκα,2r,4,4,4,5,2,2,1,3,4,3,Όχι,θέλω να ενημερώνομαι και να ακολουθώ το πρόγραμμα γυμναστικής / συμβουλές του,body_building
diren.kartal,Γυναίκα,24,2,3,2,5,2,5,3,4,3,2,Όχι,έχει ωραίο lifestyle,yoga
emrickettz,Γυναίκα,24,4,4,3,4,2,2,1,4,5,3,Ναι,έχει ωραίο σώμα,body_building
faisalpmafitness,Γυναίκα,24,4,5,3,5,2,3,2,4,5,3,Όχι,θέλω να ενημερώνομαι και να ακολουθώ το πρόγραμμα γυμναστικής / συμβουλές του,body_building
fitgurlmel,Γυναίκα,24,3,4,2,5,2,4,3,4,5,3,Όχι,έχει ωραίο σώμα,fitness_model
helms3dmj,Γυναίκα,24,3,4,3,3,4,3,3,4,4,3,Όχι,έχει ωραίο σώμα,body_building
jamessmithpt,Γυναίκα,24,3,4,2,5,3,4,2,4,4,3,Όχι,αναρτά ενδιαφέρον περιεχόμενο,body_building
jennyfrancis23,Γυναίκα,24,5,5,5,3,2,2,1,4,5,3,Όχι,θέλω να ενημερώνομαι και να ακολουθώ το πρόγραμμα γυμναστικής / συμβουλές του,body_building
katiecrewe,Γυναίκα,24,4,5,3,3,1,4,3,4,5,3,Ναι,θέλω να ενημερώνομαι και να ακολουθώ το πρόγραμμα γυμναστικής / συμβουλές του;έχει ωραίο σώμα,fitness_model
kayla_itsines,Γυναίκα,24,4,5,4,5,2,2,2,4,4,3,Όχι,έχει ωραίο lifestyle,body_building
jenselter,Άντρας,28,3,3,2,4,3,4,2,3,3,1,Όχι,θέλω να ενημερώνομαι και να ακολουθώ το πρόγραμμα γυμναστικής / συμβουλές του,fitness_model
amandaeliselee,Άντρας,28,4,2,2,5,3,5,2,3,2,1,Όχι,αναρτά ενδιαφέρον περιεχόμενο,fitness_model
anllela_sagra,Άντρας,28,4,4,3,5,5,4,2,3,4,3,Ναι,αναρτά ενδιαφέρον περιεχόμενο,body_building
sergiconstance,Άντρας,28,2,2,2,3,2,4,4,3,2,1,Όχι,θέλω να ενημερώνομαι και να ακολουθώ το πρόγραμμα γυμναστικής / συμβουλές του,body_building
lazar_angelov_official,Άντρας,28,2,4,2,2,5,5,4,5,5,2,Ναι,θέλω να ενημερώνομαι και να ακολουθώ το πρόγραμμα γυμναστικής / συμβουλές του,body_building
tammyhembrow,Άντρας,28,2,2,2,3,4,3,3,2,2,3,Όχι,θέλω να ενημερώνομαι και να ακολουθώ το πρόγραμμα γυμναστικής / συμβουλές του,fitness_model
ulissesworld,Άντρας,28,2,3,2,4,3,3,2,4,3,3,Ναι,αναρτά ενδιαφέρον περιεχόμενο,body_building
flex_lewis,Άντρας,28,1,2,1,3,2,4,3,2,3,3,Όχι,έχει ωραίο lifestyle,body_building
jeff_seid,Άντρας,28,2,3,4,3,2,4,2,4,4,3,Όχι,έχει ωραίο lifestyle,body_building
hannahstocking,Άντρας,28,4,4,3,4,4,3,2,4,4,3,Ναι,έχει ωραίο lifestyle,fitness_model
martynfordofficial,Άντρας,28,3,2,4,2,2,3,3,2,2,1,Όχι,αναρτά ενδιαφέρον περιεχόμενο,body_building
big_ramy,Άντρας,28,4,4,3,2,3,3,1,2,2,3,Όχι,έχει ωραίο lifestyle,body_building
simeonpanda,Άντρας,28,1,1,2,2,5,2,3,2,2,2,Όχι,θέλω να ενημερώνομαι και να ακολουθώ το πρόγραμμα γυμναστικής / συμβουλές του,body_building
iamyanetgarcia,Άντρας,28,3,4,4,5,4,2,1,3,4,2,Ναι,έχει ωραίο lifestyle,fitness_model
nastya_nass_,Άντρας,28,3,2,4,3,4,3,2,3,2,1,Όχι,έχει ωραίο lifestyle,dance
schwarzenegger,Άντρας,28,5,2,5,2,4,1,1,4,3,4,Ναι,αναρτά ενδιαφέρον περιεχόμενο,body_building
naturally.sassy,Γυναίκα,28,5,5,4,3,3,3,2,4,5,3,Ναι,θέλω να ενημερώνομαι και να ακολουθώ το πρόγραμμα γυμναστικής / συμβουλές του;αναρτά ενδιαφέρον περιεχόμενο,dance
theballerina,Γυναίκα,28,5,5,4,2,4,2,2,4,3,2,Ναι,έχει ωραίο lifestyle;αναρτά ενδιαφέρον περιεχόμενο,dance
jamessmithpt,Γυναίκα,22,3,4,4,3,2,2,2,4,3,2,Όχι,αναρτά ενδιαφέρον περιεχόμενο,body_building
jennyfrancis23,Γυναίκα,22,4,4,4,2,5,3,2,4,4,2,Ναι,θέλω να ενημερώνομαι και να ακολουθώ το πρόγραμμα γυμναστικής / συμβουλές του,body_building
kylehanagami,Γυναίκα,28,4,3,3,4,5,2,2,4,2,2,Όχι,αναρτά ενδιαφέρον περιεχόμενο,dance
katiecrewe,Γυναίκα,22,5,4,4,4,1,2,2,4,4,3,Ναι,θέλω να ενημερώνομαι και να ακολουθώ το πρόγραμμα γυμναστικής / συμβουλές του,fitness_model
kayla_itsines,Γυναίκα,22,4,3,4,5,2,3,2,4,5,3,Όχι,θέλω να ενημερώνομαι και να ακολουθώ το πρόγραμμα γυμναστικής / συμβουλές του,body_building
kelseywells,Γυναίκα,22,3,3,3,4,3,4,3,3,4,1,Όχι,έχει ωραίο σώμα,body_building
kimfrench87,Γυναίκα,22,2,3,3,2,2,4,3,3,3,2,Όχι,θέλω να ενημερώνομαι και να ακολουθώ το πρόγραμμα γυμναστικής / συμβουλές του,body_building
kathryn_morgan,Γυναίκα,28,5,3,4,2,3,2,2,5,4,2,Ναι,αναρτά ενδιαφέρον περιεχόμενο,dance
colleenmwerner,Γυναίκα,28,5,3,4,5,4,1,2,4,2,1,Όχι,αναρτά ενδιαφέρον περιεχόμενο,dance
jojogomezxo,Γυναίκα,28,3,3,3,1,2,2,2,3,1,1,Όχι,αναρτά ενδιαφέρον περιεχόμενο,dance
markmeismer,Γυναίκα,28,3,4,3,1,2,2,2,5,5,2,Όχι,θέλω να ενημερώνομαι και να ακολουθώ το πρόγραμμα γυμναστικής / συμβουλές του;αναρτά ενδιαφέρον περιεχόμενο,dance
amandalacount,Γυναίκα,28,4,3,4,2,2,2,2,4,2,1,Όχι,αναρτά ενδιαφέρον περιεχόμενο,dance
willdabeast__,Γυναίκα,28,3,2,2,4,5,1,3,3,1,1,Όχι,αναρτά ενδιαφέρον περιεχόμενο,dance
amymarie,Γυναίκα,28,5,3,4,5,5,2,2,3,2,2,Όχι,αναρτά ενδιαφέρον περιεχόμενο,dance
ian_eastwood,Γυναίκα,28,4,5,3,2,2,2,2,4,3,1,Όχι,αναρτά ενδιαφέρον περιεχόμενο,dance
kimschlagfitness,Γυναίκα,22,3,3,3,2,2,1,2,4,3,2,Όχι,αναρτά ενδιαφέρον περιεχόμενο,body_building
laurabiceps,Γυναίκα,22,3,3,4,4,3,3,2,3,3,1,Όχι,αναρτά ενδιαφέρον περιεχόμενο,body_building
london_fitness_guy,Γυναίκα,22,5,3,4,4,3,3,2,3,4,2,Όχι,θέλω να ενημερώνομαι και να ακολουθώ το πρόγραμμα γυμναστικής / συμβουλές του,body_building
marillewellyn,Γυναίκα,22,4,3,3,5,2,4,2,4,4,1,Ναι,έχει ωραίο lifestyle,nutrition
jadebug98,Γυναίκα,28,3,2,3,3,2,4,3,3,2,1,Όχι,αναρτά ενδιαφέρον περιεχόμενο,dance
officialdavidhallberg,Γυναίκα,28,4,3,4,1,2,2,2,5,5,2,Ναι,θέλω να ενημερώνομαι και να ακολουθώ το πρόγραμμα γυμναστικής / συμβουλές του;αναρτά ενδιαφέρον περιεχόμενο,dance
daniil,Γυναίκα,28,4,4,4,1,1,2,2,5,5,2,Ναι,αναρτά ενδιαφέρον περιεχόμενο,dance
katieboren1,Γυναίκα,28,5,4,4,1,1,2,2,5,5,3,Ναι,θέλω να ενημερώνομαι και να ακολουθώ το πρόγραμμα γυμναστικής / συμβουλές του;έχει ωραίο σώμα;έχει ωραίο lifestyle;αναρτά ενδιαφέρον περιεχόμενο,dance
dustinpoirier,Άντρας,23,5,5,4,4,2,2,4,5,4,3,Ναι,θέλω να ενημερώνομαι και να ακολουθώ το πρόγραμμα γυμναστικής / συμβουλές του,athlete
cassiepearlt,Γυναίκα,28,4,4,4,1,2,2,2,4,4,1,Όχι,αναρτά ενδιαφέρον περιεχόμενο,dance
ellena_fit,Γυναίκα,23,5,2,3,3,4,4,2,3,2,2,Όχι,έχει ωραίο σώμα,nutrition
jamesbwhiteside,Γυναίκα,28,4,4,3,3,3,4,2,4,4,1,Όχι,αναρτά ενδιαφέρον περιεχόμενο,dance
markmeismer,Γυναίκα,29,3,2,3,3,2,3,2,2,2,2,Όχι,αναρτά ενδιαφέρον περιεχόμενο,dance
Colleenmwerner,Γυναίκα,29,2,2,2,2,2,1,2,2,2,1,Όχι,αναρτά ενδιαφέρον περιεχόμενο,dance
jjweeks_pilates,Γυναίκα,29,5,5,4,4,1,3,2,5,5,4,Ναι,θέλω να ενημερώνομαι και να ακολουθώ το πρόγραμμα γυμναστικής / συμβουλές του,pilates
sianmarshallpilates,Γυναίκα,29,4,5,4,4,1,3,1,5,5,4,Ναι,θέλω να ενημερώνομαι και να ακολουθώ το πρόγραμμα γυμναστικής / συμβουλές του,pilates
pilatesplaceyyc,Γυναίκα,29,5,5,4,4,2,2,2,5,5,4,Ναι,θέλω να ενημερώνομαι και να ακολουθώ το πρόγραμμα γυμναστικής / συμβουλές του,pilates
Itscaitlinturner,Γυναίκα,29,4,4,3,3,3,2,2,4,4,3,Ναι,θέλω να ενημερώνομαι και να ακολουθώ το πρόγραμμα γυμναστικής / συμβουλές του,yoga
naturally.sassy,Γυναίκα,29,3,3,3,3,2,2,2,3,3,3,Ναι,θέλω να ενημερώνομαι και να ακολουθώ το πρόγραμμα γυμναστικής / συμβουλές του,dance
movewithnicole,Γυναίκα,29,4,4,4,2,2,4,3,4,3,2,Όχι,έχει ωραίο σώμα;έχει ωραίο lifestyle,yoga
junglejohanna,Γυναίκα,29,2,4,3,4,4,5,4,2,1,1,Όχι,έχει ωραίο lifestyle,yoga
kathryn_morgan,Γυναίκα,29,4,4,4,3,2,2,2,4,4,3,Ναι,θέλω να ενημερώνομαι και να ακολουθώ το πρόγραμμα γυμναστικής / συμβουλές του,dance
melissawoodhealth,Γυναίκα,29,4,2,4,5,4,3,2,4,4,3,Όχι,θέλω να ενημερώνομαι και να ακολουθώ το πρόγραμμα γυμναστικής / συμβουλές του,yoga
katieboren1,Γυναίκα,29,5,5,4,2,2,2,2,4,5,4,Ναι,θέλω να ενημερώνομαι και να ακολουθώ το πρόγραμμα γυμναστικής / συμβουλές του,dance
lamise,Γυναίκα,29,5,5,4,4,2,2,1,4,4,4,Ναι,έχει ωραίο σώμα;έχει ωραίο lifestyle;αναρτά ενδιαφέρον περιεχόμενο,yoga
cassiepearlt,Γυναίκα,29,4,3,3,4,3,3,2,3,4,3,Ναι,έχει ωραίο σώμα;έχει ωραίο lifestyle,dance
kayla_itsines,Γυναίκα,33,5,4,4,4,1,3,1,4,5,3,Ναι,θέλω να ενημερώνομαι και να ακολουθώ το πρόγραμμα γυμναστικής / συμβουλές του,body_building
katiecrewe,Γυναίκα,33,5,4,5,5,1,5,1,4,4,3,Όχι,θέλω να ενημερώνομαι και να ακολουθώ το πρόγραμμα γυμναστικής / συμβουλές του,fitness_model
kelseywells,Γυναίκα,33,5,3,3,5,4,4,1,3,5,2,Όχι,θέλω να ενημερώνομαι και να ακολουθώ το πρόγραμμα γυμναστικής / συμβουλές του,body_building
yoga_girl,Γυναίκα,24,5,5,5,5,3,1,1,3,3,2,Όχι,έχει ωραίο lifestyle,yoga
kimfrench87,Γυναίκα,33,4,4,3,5,3,5,3,5,5,2,Ναι,θέλω να ενημερώνομαι και να ακολουθώ το πρόγραμμα γυμναστικής / συμβουλές του,body_building
kimschlagfitness,Γυναίκα,33,5,5,5,2,1,1,1,5,5,4,Ναι,θέλω να ενημερώνομαι και να ακολουθώ το πρόγραμμα γυμναστικής / συμβουλές του;αναρτά ενδιαφέρον περιεχόμενο,body_building
laurabiceps,Γυναίκα,33,5,5,3,5,5,5,1,3,3,2,Ναι,θέλω να ενημερώνομαι και να ακολουθώ το πρόγραμμα γυμναστικής / συμβουλές του,body_building
london_fitness_guy,Γυναίκα,33,5,5,5,4,1,2,1,3,5,4,Ναι,θέλω να ενημερώνομαι και να ακολουθώ το πρόγραμμα γυμναστικής / συμβουλές του,body_building
marillewellyn,Γυναίκα,33,2,3,2,5,5,5,3,2,2,1,Όχι,έχει ωραίο lifestyle,nutrition
massy.arias,Γυναίκα,33,4,4,3,5,3,3,1,3,5,1,Όχι,έχει ωραίο σώμα,body_building
max.lowery,Γυναίκα,33,5,5,5,4,1,1,1,5,3,4,Ναι,έχει ωραίο lifestyle;αναρτά ενδιαφέρον περιεχόμενο,body_building
Sian Marshall Pilates,Γυναίκα,29,3,3,3,2,2,2,3,3,3,3,Όχι,Δν θα το ακολουθουσα,pilates
Pilatesplaceyyc,Γυναίκα,29,3,4,3,3,1,3,3,4,4,3,Όχι,Δν θα το ακολουθουσα,pilates
kathryn_morgan,Γυναίκα,29,3,3,3,3,2,3,3,4,3,3,Όχι,Δεν με αφορά αυτο το περιεχομενο,dance
jojogomezxo,Γυναίκα,29,2,2,2,3,3,4,3,2,2,2,Όχι,έχει ωραίο lifestyle,dance
colleensaidman,Γυναίκα,29,2,2,2,3,4,3,3,2,2,2,Όχι,έχει ωραίο lifestyle,yoga
daniil,Γυναίκα,29,2,3,3,3,2,3,2,4,3,3,Όχι,έχει ωραίο lifestyle,dance
Jamesbwhiteside,Γυναίκα,29,3,3,2,2,3,3,2,2,2,2,Όχι,αναρτά ενδιαφέρον περιεχόμενο,dance
Jadebug98,Γυναίκα,29,2,3,2,3,3,4,3,2,2,2,Όχι,έχει ωραίο lifestyle,dance
catmeffan,Γυναίκα,29,3,3,3,3,4,3,3,3,3,2,Ναι,αναρτά ενδιαφέρον περιεχόμενο,yoga
richtidmarsh,Άντρας,24,3,3,2,4,4,4,3,3,3,1,Όχι,αναρτά ενδιαφέρον περιεχόμενο,body_building
rossedgley,Άντρας,24,4,3,4,4,2,2,2,4,4,3,Ναι,έχει ωραίο lifestyle;αναρτά ενδιαφέρον περιεχόμενο,athlete
shona_vertue,Άντρας,24,4,4,4,4,4,2,2,4,4,3,Ναι,θέλω να ενημερώνομαι και να ακολουθώ το πρόγραμμα γυμναστικής / συμβουλές του;έχει ωραίο σώμα;έχει ωραίο lifestyle;αναρτά ενδιαφέρον περιεχόμενο,yoga
susanniebergallfitness,Άντρας,24,1,2,1,2,3,2,4,2,2,2,Όχι,αναρτά ενδιαφέρον περιεχόμενο,body_building
syattfitness,Άντρας,24,4,4,4,3,3,2,3,4,4,2,Όχι,αναρτά ενδιαφέρον περιεχόμενο,nutrition
tallyrye,Άντρας,24,3,2,3,3,4,3,3,2,3,2,Όχι,έχει ωραίο lifestyle,nutrition
thedailykelsey,Άντρας,24,5,4,4,4,3,3,3,4,4,3,Ναι,έχει ωραίο σώμα,body_building
thesamplan,Άντρας,24,3,3,3,3,3,3,3,3,3,3,Όχι,θέλω να ενημερώνομαι και να ακολουθώ το πρόγραμμα γυμναστικής / συμβουλές του,nutrition
trapyogabae,Άντρας,24,3,3,2,5,4,5,3,2,4,2,Ναι,θέλω να ενημερώνομαι και να ακολουθώ το πρόγραμμα γυμναστικής / συμβουλές του,yoga
wellness_ed,Άντρας,24,4,4,3,4,3,3,3,4,4,2,Ναι,θέλω να ενημερώνομαι και να ακολουθώ το πρόγραμμα γυμναστικής / συμβουλές του,fitness_model
andreitalevin,Γυναίκα,29,5,5,5,4,2,3,2,5,5,4,Ναι,θέλω να ενημερώνομαι και να ακολουθώ το πρόγραμμα γυμναστικής / συμβουλές του,yoga
bohobeautifullife,Γυναίκα,29,3,4,3,4,4,3,2,3,3,2,Ναι,αναρτά ενδιαφέρον περιεχόμενο,yoga
dade2shelby,Γυναίκα,29,2,2,2,2,4,3,3,2,2,2,Όχι,αναρτά ενδιαφέρον περιεχόμενο,yoga
pmacfitness,Άντρας,27,4,3,4,3,4,3,2,4,3,2,Ναι,θέλω να ενημερώνομαι και να ακολουθώ το πρόγραμμα γυμναστικής / συμβουλές του,nutrition
michelle_lewin,Άντρας,27,5,3,3,4,3,4,2,4,4,2,Ναι,θέλω να ενημερώνομαι και να ακολουθώ το πρόγραμμα γυμναστικής / συμβουλές του;έχει ωραίο σώμα;έχει ωραίο lifestyle,body_building
ryan_spiteri,Άντρας,27,3,2,4,2,2,3,2,4,4,1,Όχι,θέλω να ενημερώνομαι και να ακολουθώ το πρόγραμμα γυμναστικής / συμβουλές του,body_building
ainsley,Άντρας,27,4,2,3,4,3,5,2,3,2,1,Όχι,έχει ωραίο σώμα,nutrition
kaigreene,Γυναίκα,25,3,1,3,4,1,3,3,3,1,1,Όχι,:/ 🤢🤮,body_building
movewithnicole,Άντρας,27,4,2,3,3,1,5,2,2,2,1,Όχι,έχει ωραίο σώμα,yoga
jadebug98,Γυναίκα,24,3,4,4,3,3,3,2,3,4,2,Όχι,έχει ωραίο σώμα;αναρτά ενδιαφέρον περιεχόμενο,dance
junglejohanna,Άντρας,27,2,2,3,3,4,5,3,2,1,1,Όχι,έχει ωραίο σώμα,yoga
melissawoodhealth,Άντρας,27,4,3,4,4,4,3,2,3,3,2,Όχι,έχει ωραίο lifestyle;αναρτά ενδιαφέρον περιεχόμενο,yoga
ian_eastwood,Γυναίκα,24,4,4,3,2,1,1,2,3,4,2,Όχι,αναρτά ενδιαφέρον περιεχόμενο,dance
dylanwerneryoga,Άντρας,27,4,4,4,3,2,2,2,4,4,2,Ναι,θέλω να ενημερώνομαι και να ακολουθώ το πρόγραμμα γυμναστικής / συμβουλές του;έχει ωραίο lifestyle,yoga
lisahubbardpilates,Γυναίκα,24,3,3,4,2,2,2,2,4,4,2,Ναι,θέλω να ενημερώνομαι και να ακολουθώ το πρόγραμμα γυμναστικής / συμβουλές του,pilates
ashleygalvinyoga,Άντρας,27,3,2,3,4,3,5,2,2,2,1,Όχι,έχει ωραίο σώμα,yoga
fluidformpilates,Γυναίκα,24,4,4,4,4,1,1,1,4,4,3,Ναι,θέλω να ενημερώνομαι και να ακολουθώ το πρόγραμμα γυμναστικής / συμβουλές του;έχει ωραίο σώμα,pilates
jennyredfordpilates,Γυναίκα,24,4,3,4,4,1,1,1,3,3,2,Όχι,θέλω να ενημερώνομαι και να ακολουθώ το πρόγραμμα γυμναστικής / συμβουλές του,pilates
wundabarpilates,Γυναίκα,24,3,3,3,3,2,2,2,4,4,2,Ναι,θέλω να ενημερώνομαι και να ακολουθώ το πρόγραμμα γυμναστικής / συμβουλές του;αναρτά ενδιαφέρον περιεχόμενο,pilates
amandaeliselee,Γυναίκα,28,2,1,3,5,3,5,3,2,2,1,Όχι,οχι οχι,fitness_model
sommerray,Γυναίκα,28,3,1,3,5,3,5,2,1,1,1,Όχι,έχει ωραίο σώμα,fitness_model
yarishna,Γυναίκα,24,3,3,2,2,2,4,3,3,2,2,Όχι,"για να βλεπω πως ΔΕΝ θα ηθελα να γινω, σε καμια περιπτωση",body_building
sergiconstance,Γυναίκα,28,1,3,2,2,4,5,4,2,1,1,Όχι,οχι οχι,body_building
flex_lewis,Γυναίκα,28,3,1,3,4,5,2,2,2,1,1,Όχι,οχι οχι,body_building
eva_andressa,Γυναίκα,28,1,1,2,4,3,5,3,3,1,1,Όχι,οχι οχι,body_building
jenselter,Γυναίκα,24,3,3,3,2,2,4,2,4,4,3,Ναι,θέλω να ενημερώνομαι και να ακολουθώ το πρόγραμμα γυμναστικής / συμβουλές του;έχει ωραίο σώμα;αναρτά ενδιαφέρον περιεχόμενο,fitness_model
nastya_nass_,Γυναίκα,24,2,3,3,3,2,5,2,2,2,1,Όχι,έχει ωραίο σώμα,dance
hannaoeberg,Γυναίκα,28,4,3,4,3,4,3,2,4,3,1,Όχι,θέλω να ενημερώνομαι και να ακολουθώ το πρόγραμμα γυμναστικής / συμβουλές του,fitness_model
iamyanetgarcia,Γυναίκα,24,3,3,3,4,3,4,2,3,3,3,Όχι,έχει ωραίο σώμα,fitness_model
hannahstocking,Γυναίκα,28,3,1,2,5,5,5,3,1,1,1,Όχι,έχει ωραίο σώμα,fitness_model
bradleymartyn,Γυναίκα,28,4,1,3,2,2,2,2,4,3,1,Όχι,θέλω να ενημερώνομαι και να ακολουθώ το πρόγραμμα γυμναστικής / συμβουλές του,body_building
casssmartin,Γυναίκα,24,4,3,3,2,2,3,2,3,3,3,Όχι,έχει ωραίο σώμα,fitness_model
anllela_sagra,Γυναίκα,24,2,3,2,4,2,4,2,2,2,2,Όχι,αναρτά ενδιαφέρον περιεχόμενο,body_building
lazar_angelov_official,Γυναίκα,24,2,2,2,4,3,4,4,3,2,1,Όχι,έχει ωραίο lifestyle,body_building
juditmoreno22,Γυναίκα,24,3,2,3,3,2,4,2,3,2,2,Όχι,έχει ωραίο σώμα,fitness_model
sophiebrace_fit,Γυναίκα,28,4,3,4,2,2,2,2,5,4,2,Όχι,θέλω να ενημερώνομαι και να ακολουθώ το πρόγραμμα γυμναστικής / συμβουλές του;αναρτά ενδιαφέρον περιεχόμενο,fitness_model
c.t.ali.fletcher,Γυναίκα,28,4,1,3,3,5,2,3,2,1,1,Όχι,οχι οχι,body_building
kathryn_morgan,Γυναίκα,24,4,4,4,2,2,2,2,3,3,2,Όχι,θέλω να ενημερώνομαι και να ακολουθώ το πρόγραμμα γυμναστικής / συμβουλές του;αναρτά ενδιαφέρον περιεχόμενο,dance
pilatesplaceyyc,Άντρας,27,4,2,4,1,1,2,1,4,4,2,Ναι,θέλω να ενημερώνομαι και να ακολουθώ το πρόγραμμα γυμναστικής / συμβουλές του,pilates
thebodycoach,Άντρας,28,4,4,5,2,5,1,1,5,5,2,Ναι,θέλω να ενημερώνομαι και να ακολουθώ το πρόγραμμα γυμναστικής / συμβουλές του,nutrition
ellena_fit,Άντρας,28,4,4,3,4,4,4,1,4,5,1,Όχι,έχει ωραίο σώμα,nutrition
alexandrashappybody,Άντρας,28,2,3,3,1,5,1,1,5,4,1,Όχι,θέλω να ενημερώνομαι και να ακολουθώ το πρόγραμμα γυμναστικής / συμβουλές του,nutrition
cartergood,Άντρας,24,3,4,4,2,1,1,4,5,5,3,Όχι,αναρτά ενδιαφέρον περιεχόμενο,nutrition
fitgurlmel,Άντρας,24,3,3,3,4,3,4,2,3,2,1,Όχι,έχει ωραίο σώμα,fitness_model
helms3dmj,Άντρας,24,3,5,4,2,1,1,2,5,4,4,Ναι,Profesional Researcher in the field of fitness,body_building
jamessmithpt,Άντρας,24,4,3,3,3,4,3,2,4,4,2,Όχι,έχει ωραίο σώμα,body_building
jennyfrancis23,Άντρας,23,3,3,4,2,1,2,2,4,3,2,Ναι,θέλω να ενημερώνομαι και να ακολουθώ το πρόγραμμα γυμναστικής / συμβουλές του;αναρτά ενδιαφέρον περιεχόμενο,body_building
katiecrewe,Άντρας,23,4,2,4,2,4,2,2,4,4,2,Ναι,θέλω να ενημερώνομαι και να ακολουθώ το πρόγραμμα γυμναστικής / συμβουλές του;αναρτά ενδιαφέρον περιεχόμενο,fitness_model
kayla_itsines,Άντρας,23,4,3,4,3,4,2,1,4,3,2,Όχι,αναρτά ενδιαφέρον περιεχόμενο,body_building
kelseywells,Άντρας,24,4,3,4,3,1,3,2,4,3,3,Ναι,έχει ωραίο σώμα;έχει ωραίο lifestyle,body_building
kimfrench87,Άντρας,23,3,3,4,2,2,3,1,4,3,3,Ναι,θέλω να ενημερώνομαι και να ακολουθώ το πρόγραμμα γυμναστικής / συμβουλές του,body_building
kimschlagfitness,Άντρας,23,4,4,4,2,1,1,1,3,3,4,Όχι,αναρτά ενδιαφέρον περιεχόμενο,body_building
rahkigiovanni,Γυναίκα,23,3,2,1,2,1,5,3,3,2,1,Όχι,θέλω να ενημερώνομαι και να ακολουθώ το πρόγραμμα γυμναστικής / συμβουλές του,fitness_model
laurabiceps,Άντρας,24,4,3,3,2,2,3,4,5,5,3,Ναι,αναρτά ενδιαφέρον περιεχόμενο,body_building
richtidmarsh,Γυναίκα,23,4,4,4,5,4,3,2,4,4,2,Όχι,έχει ωραίο lifestyle,body_building
rossedgley,Γυναίκα,23,5,5,3,4,3,4,3,3,3,3,Ναι,έχει ωραίο lifestyle,athlete
shona_vertue,Γυναίκα,23,4,4,5,3,4,2,2,4,4,2,Ναι,θέλω να ενημερώνομαι και να ακολουθώ το πρόγραμμα γυμναστικής / συμβουλές του;έχει ωραίο σώμα,yoga
susanniebergallfitness,Γυναίκα,23,3,4,4,1,1,1,2,5,5,2,Ναι,θέλω να ενημερώνομαι και να ακολουθώ το πρόγραμμα γυμναστικής / συμβουλές του,body_building
syattfitness,Γυναίκα,23,4,3,3,2,2,2,2,4,4,2,Όχι,θέλω να ενημερώνομαι και να ακολουθώ το πρόγραμμα γυμναστικής / συμβουλές του,nutrition
tallyrye,Γυναίκα,23,3,4,4,4,2,3,2,4,4,3,Ναι,αναρτά ενδιαφέρον περιεχόμενο,nutrition
thedailykelsey,Γυναίκα,23,5,4,4,2,2,4,2,5,5,2,Ναι,θέλω να ενημερώνομαι και να ακολουθώ το πρόγραμμα γυμναστικής / συμβουλές του;αναρτά ενδιαφέρον περιεχόμενο,body_building
thesamplan,Γυναίκα,23,5,5,4,4,2,3,2,4,5,2,Όχι,θέλω να ενημερώνομαι και να ακολουθώ το πρόγραμμα γυμναστικής / συμβουλές του,nutrition
trapyogabae,Γυναίκα,23,4,4,4,2,2,2,2,4,5,3,Ναι,θέλω να ενημερώνομαι και να ακολουθώ το πρόγραμμα γυμναστικής / συμβουλές του;αναρτά ενδιαφέρον περιεχόμενο,yoga
Rahki Giovanni,Γυναίκα,23,2,4,2,5,3,5,5,3,3,2,Όχι,θέλω να ενημερώνομαι και να ακολουθώ το πρόγραμμα γυμναστικής / συμβουλές του,fitness_model
Richtid Marsh,Γυναίκα,23,1,4,1,5,2,5,5,4,1,1,Όχι,θέλω να ενημερώνομαι και να ακολουθώ το πρόγραμμα γυμναστικής / συμβουλές του,body_building
Ross edgley,Άντρας,23,1,3,1,5,4,5,5,1,3,1,Όχι,θέλω να ενημερώνομαι και να ακολουθώ το πρόγραμμα γυμναστικής / συμβουλές του,athlete
shona_vertue,Άντρας,23,5,5,5,5,1,2,1,5,5,5,Ναι,θέλω να ενημερώνομαι και να ακολουθώ το πρόγραμμα γυμναστικής / συμβουλές του,yoga
susanniebergallfitness,Άντρας,23,5,5,5,1,1,1,5,5,5,5,Ναι,θέλω να ενημερώνομαι και να ακολουθώ το πρόγραμμα γυμναστικής / συμβουλές του;αναρτά ενδιαφέρον περιεχόμενο,body_building
Syattfitness,Άντρας,23,1,1,1,5,5,5,5,1,1,1,Όχι,θέλω να ενημερώνομαι και να ακολουθώ το πρόγραμμα γυμναστικής / συμβουλές του,nutrition
tallyrye,Άντρας,23,5,5,5,1,1,1,1,5,5,5,Ναι,θέλω να ενημερώνομαι και να ακολουθώ το πρόγραμμα γυμναστικής / συμβουλές του,nutrition
The daily Kelsey,Άντρας,23,4,4,3,5,4,5,3,3,3,1,Όχι,θέλω να ενημερώνομαι και να ακολουθώ το πρόγραμμα γυμναστικής / συμβουλές του,body_building
Thesamplan,Άντρας,23,4,5,4,5,3,4,3,3,2,2,Ναι,θέλω να ενημερώνομαι και να ακολουθώ το πρόγραμμα γυμναστικής / συμβουλές του,nutrition
Trapyogabae,Άντρας,23,2,2,2,5,5,4,5,1,2,1,Όχι,θέλω να ενημερώνομαι και να ακολουθώ το πρόγραμμα γυμναστικής / συμβουλές του,yoga
lucymountain,Άντρας,28,3,5,3,3,5,4,3,5,5,2,Όχι,έχει ωραίο σώμα;έχει ωραίο lifestyle;αναρτά ενδιαφέρον περιεχόμενο,nutrition
soheefit,Άντρας,28,4,4,4,5,3,4,3,3,4,1,Όχι,έχει ωραίο σώμα,nutrition
bdccarpenter,Άντρας,28,3,4,3,3,4,4,3,4,4,2,Ναι,θέλω να ενημερώνομαι και να ακολουθώ το πρόγραμμα γυμναστικής / συμβουλές του,nutrition
laurendrainfit,Άντρας,28,1,2,2,5,1,5,3,2,2,1,Όχι,έχει ωραίο lifestyle,body_building
yoga_girl,Άντρας,28,5,2,5,4,3,3,1,3,3,4,Ναι,έχει ωραίο σώμα;έχει ωραίο lifestyle,yoga
joeyswoll,Άντρας,28,2,2,2,4,4,5,4,3,2,1,Όχι,έχει ωραίο lifestyle,body_building
brittnebabe,Άντρας,28,3,2,2,4,3,4,3,2,2,1,Όχι,έχει ωραίο lifestyle,body_building
dustinpoirier,Άντρας,28,4,2,2,3,4,4,4,3,3,1,Όχι,έχει ωραίο σώμα,athlete
movewithnicole,Γυναίκα,29,5,5,4,3,2,3,2,4,5,4,Ναι,θέλω να ενημερώνομαι και να ακολουθώ το πρόγραμμα γυμναστικής / συμβουλές του,yoga
junglejohanna,Γυναίκα,29,2,2,2,3,4,4,3,2,2,2,Όχι,έχει ωραίο lifestyle,yoga
melissawoodhealth,Γυναίκα,29,3,3,3,4,4,4,3,3,3,3,Ναι,έχει ωραίο lifestyle,yoga
lisahubbardpilates,Γυναίκα,29,4,4,4,3,5,3,3,5,4,3,Ναι,θέλω να ενημερώνομαι και να ακολουθώ το πρόγραμμα γυμναστικής / συμβουλές του,pilates
lamise,Γυναίκα,29,4,5,4,3,2,2,2,5,5,4,Ναι,θέλω να ενημερώνομαι και να ακολουθώ το πρόγραμμα γυμναστικής / συμβουλές του,yoga
joshkrameryoga,Γυναίκα,29,4,4,4,3,2,3,2,5,4,3,Ναι,θέλω να ενημερώνομαι και να ακολουθώ το πρόγραμμα γυμναστικής / συμβουλές του,yoga
chelseasyoga,Γυναίκα,29,5,5,5,3,2,3,2,5,5,4,Ναι,θέλω να ενημερώνομαι και να ακολουθώ το πρόγραμμα γυμναστικής / συμβουλές του,yoga
sylviaroberts_pilates,Γυναίκα,29,5,5,5,4,2,3,2,5,5,4,Ναι,θέλω να ενημερώνομαι και να ακολουθώ το πρόγραμμα γυμναστικής / συμβουλές του,pilates
blogilates,Γυναίκα,29,3,2,2,2,4,4,3,2,2,2,Όχι,αναρτά ενδιαφέρον περιεχόμενο,pilates
marillewellyn,Άντρας,24,5,5,5,5,2,1,1,5,3,2,Όχι,έχει ωραίο σώμα,nutrition
massy.arias,Άντρας,24,4,4,4,5,3,3,1,5,3,1,Όχι,έχει ωραίο σώμα,body_building
max.lowery,Άντρας,24,5,5,5,5,1,1,1,5,5,3,Ναι,αναρτά ενδιαφέρον περιεχόμενο,body_building
mistyonpointe,Άντρας,24,3,5,5,5,2,3,3,5,3,3,Όχι,έχει ωραίο σώμα,dance
nez__healthhub,Άντρας,24,5,5,5,5,1,1,2,5,3,3,Ναι,αναρτά ενδιαφέρον περιεχόμενο,nutrition
nuttyfoodiefitness,Άντρας,24,1,4,2,5,1,5,5,3,2,1,Όχι,έχει ωραίο σώμα,body_building
rahkigiovanni,Άντρας,24,1,1,1,5,5,5,5,1,1,1,Όχι,0,fitness_model
richtidmarsh,Άντρας,24,3,3,3,5,5,4,2,3,4,1,Όχι,αναρτά ενδιαφέρον περιεχόμενο,body_building
rossedgley,Άντρας,24,1,4,1,5,5,5,5,3,2,2,Όχι,0,athlete
shona_vertue,Άντρας,24,5,5,5,5,1,1,1,5,5,5,Ναι,έχει ωραίο σώμα,yoga
kerispilatesroom,Γυναίκα,29,4,4,3,4,3,4,3,4,4,3,Ναι,αναρτά ενδιαφέρον περιεχόμενο,pilates
willdabeast__,Γυναίκα,29,2,2,3,2,4,3,3,2,2,2,Όχι,αναρτά ενδιαφέρον περιεχόμενο,dance
cassiepearlt,Γυναίκα,33,4,4,4,4,1,3,1,4,4,3,Ναι,αναρτά ενδιαφέρον περιεχόμενο,dance
amymarie,Γυναίκα,29,3,3,3,3,4,3,3,3,3,2,Όχι,αναρτά ενδιαφέρον περιεχόμενο,dance
katieboren1,Γυναίκα,29,4,4,4,3,2,3,2,4,4,3,Ναι,θέλω να ενημερώνομαι και να ακολουθώ το πρόγραμμα γυμναστικής / συμβουλές του,dance
cassiepearlt,Γυναίκα,29,4,4,3,3,3,3,3,3,3,3,Ναι,αναρτά ενδιαφέρον περιεχόμενο,dance
nuttyfoodiefitness,Γυναίκα,22,5,2,4,2,3,4,3,4,3,2,Όχι,θέλω να ενημερώνομαι και να ακολουθώ το πρόγραμμα γυμναστικής / συμβουλές του,body_building
rahkigiovanni,Γυναίκα,22,1,1,1,2,4,5,4,1,1,1,Όχι,αναρτά ενδιαφέρον περιεχόμενο,fitness_model
richtidmarsh,Γυναίκα,22,5,4,5,3,1,2,2,5,5,5,Ναι,θέλω να ενημερώνομαι και να ακολουθώ το πρόγραμμα γυμναστικής / συμβουλές του;έχει ωραίο σώμα;έχει ωραίο lifestyle,body_building
rossedgley,Γυναίκα,22,4,3,3,5,3,4,3,4,4,4,Ναι,θέλω να ενημερώνομαι και να ακολουθώ το πρόγραμμα γυμναστικής / συμβουλές του;έχει ωραίο σώμα;έχει ωραίο lifestyle,athlete
shona_vertue,Γυναίκα,22,5,3,4,2,3,1,1,4,4,4,Ναι,θέλω να ενημερώνομαι και να ακολουθώ το πρόγραμμα γυμναστικής / συμβουλές του;έχει ωραίο σώμα,yoga
susanniebergallfitness,Γυναίκα,22,4,3,4,1,3,1,2,4,4,4,Ναι,θέλω να ενημερώνομαι και να ακολουθώ το πρόγραμμα γυμναστικής / συμβουλές του,body_building
syattfitness,Γυναίκα,22,4,3,4,2,3,2,2,4,4,3,Ναι,αναρτά ενδιαφέρον περιεχόμενο,nutrition
tallyrye,Γυναίκα,22,5,4,4,4,2,2,2,3,4,2,Όχι,αναρτά ενδιαφέρον περιεχόμενο,nutrition
thedailykelsey,Γυναίκα,22,5,4,4,4,1,1,1,5,5,4,Ναι,θέλω να ενημερώνομαι και να ακολουθώ το πρόγραμμα γυμναστικής / συμβουλές του;έχει ωραίο σώμα;έχει ωραίο lifestyle,body_building
thesamplan,Γυναίκα,22,5,3,4,3,3,2,2,3,3,2,Όχι,έχει ωραίο lifestyle;αναρτά ενδιαφέρον περιεχόμενο,nutrition
london_fitness_guy,Άντρας,24,4,3,4,4,2,4,3,4,3,2,Ναι,θέλω να ενημερώνομαι και να ακολουθώ το πρόγραμμα γυμναστικής / συμβουλές του,body_building
amandalacount,Γυναίκα,26,4,1,2,3,3,3,2,3,1,1,Όχι,αναρτά ενδιαφέρον περιεχόμενο,dance
amandalacount,Γυναίκα,26,4,2,4,5,4,3,2,3,2,1,Όχι,αναρτά ενδιαφέρον περιεχόμενο,dance
anacheri,Άντρας,23,5,3,3,5,3,4,4,3,3,3,Ναι,έχει ωραίο σώμα,fitness_model
marillewellyn,Άντρας,23,4,2,3,5,4,4,2,2,2,4,Ναι,έχει ωραίο σώμα;έχει ωραίο lifestyle,nutrition
shona_vertue,Άντρας,23,3,3,5,1,2,3,5,4,5,2,Όχι,θέλω να ενημερώνομαι και να ακολουθώ το πρόγραμμα γυμναστικής / συμβουλές του,yoga
rossedgley,Άντρας,23,2,2,1,4,3,4,5,3,5,1,Ναι,έχει ωραίο lifestyle,athlete
massy.arias,Άντρας,24,4,4,4,2,2,2,3,4,5,1,Ναι,θέλω να ενημερώνομαι και να ακολουθώ το πρόγραμμα γυμναστικής / συμβουλές του,body_building
susanniebergallfitness,Άντρας,24,2,3,3,5,2,3,3,2,1,4,Όχι,αναρτά ενδιαφέρον περιεχόμενο,body_building
max.lowery,Άντρας,24,4,5,5,2,1,4,2,5,4,3,Ναι,θέλω να ενημερώνομαι και να ακολουθώ το πρόγραμμα γυμναστικής / συμβουλές του,body_building
mistyonpointe,Άντρας;Γυναίκα,23,4,3,4,4,4,3,1,4,3,4,Όχι,έχει ωραίο σώμα,dance
syattfitness,Άντρας,23,3,3,1,4,3,4,3,4,3,2,Όχι,έχει ωραίο lifestyle,nutrition
nez__healthhub,Άντρας,24,4,4,4,3,2,1,5,5,1,4,Ναι,θέλω να ενημερώνομαι και να ακολουθώ το πρόγραμμα γυμναστικής / συμβουλές του,nutrition
tallyrye,Άντρας,24,5,3,3,3,4,1,4,2,5,1,Όχι,θέλω να ενημερώνομαι και να ακολουθώ το πρόγραμμα γυμναστικής / συμβουλές του,nutrition
nuttyfoodiefitness,Άντρας;Γυναίκα,24,4,4,2,5,2,3,3,5,2,4,Ναι,θέλω να ενημερώνομαι και να ακολουθώ το πρόγραμμα γυμναστικής / συμβουλές του;έχει ωραίο σώμα,body_building
tallyrye,Άντρας,25,5,4,5,5,2,2,1,4,4,2,Ναι,αναρτά ενδιαφέρον περιεχόμενο,nutrition
rahkigiovanni,Άντρας,24,4,3,4,5,2,4,4,4,2,3,Όχι,θέλω να ενημερώνομαι και να ακολουθώ το πρόγραμμα γυμναστικής / συμβουλές του,fitness_model
tallyrye,Άντρας,25,5,4,5,5,2,2,1,4,4,3,Ναι,αναρτά ενδιαφέρον περιεχόμενο,nutrition
richtidmarsh,Άντρας,23,4,3,4,1,1,2,3,2,2,3,Ναι,θέλω να ενημερώνομαι και να ακολουθώ το πρόγραμμα γυμναστικής / συμβουλές του,body_building
thedailykelsey,Άντρας,25,5,5,5,5,1,3,1,5,5,3,Ναι,έχει ωραίο σώμα,body_building
thesamplan,Άντρας,25,4,3,4,5,2,1,2,3,3,3,Ναι,αναρτά ενδιαφέρον περιεχόμενο,nutrition
rossedgley,Άντρας,24,4,4,3,2,2,3,2,4,3,4,Ναι,έχει ωραίο σώμα,athlete
shona_vertue,Άντρας,24,4,3,4,3,4,3,4,3,4,3,Όχι,έχει ωραίο σώμα;έχει ωραίο lifestyle,yoga
susanniebergallfitness,Άντρας,24,4,3,4,3,3,4,2,4,3,4,Όχι,έχει ωραίο lifestyle;αναρτά ενδιαφέρον περιεχόμενο,body_building
trapyogabae,Άντρας,26,4,5,4,3,3,1,2,3,3,4,Ναι,αναρτά ενδιαφέρον περιεχόμενο,yoga
syattfitness,Άντρας,23,4,4,2,4,3,4,4,2,4,3,Ναι,έχει ωραίο σώμα,nutrition
wellness_ed,Άντρας,25,5,4,4,5,3,2,1,3,3,3,Όχι,αναρτά ενδιαφέρον περιεχόμενο,fitness_model
tallyrye,Άντρας,24,5,2,4,3,4,3,2,5,2,5,Ναι,έχει ωραίο lifestyle,nutrition
thedailykelsey,Άντρας,23,4,3,2,3,2,2,2,5,3,2,Ναι,θέλω να ενημερώνομαι και να ακολουθώ το πρόγραμμα γυμναστικής / συμβουλές του,body_building
thesamplan,Άντρας,24,4,2,3,2,2,3,3,2,3,3,Όχι,αναρτά ενδιαφέρον περιεχόμενο,nutrition
trapyogabae,Άντρας,23,3,2,4,3,2,2,2,4,4,5,Ναι,θέλω να ενημερώνομαι και να ακολουθώ το πρόγραμμα γυμναστικής / συμβουλές του,yoga
wellness_ed,Άντρας,24,4,3,2,4,2,5,3,4,2,3,Όχι,έχει ωραίο σώμα,fitness_model
nez__healthhub,Άντρας,25,4,3,2,4,4,4,4,3,4,4,Ναι,θέλω να ενημερώνομαι και να ακολουθώ το πρόγραμμα γυμναστικής / συμβουλές του,nutrition
mistyonpointe,Άντρας,25,5,3,4,2,2,3,3,5,2,3,Όχι,έχει ωραίο σώμα,dance
kelseywells,Άντρας,25,5,3,3,4,2,3,2,5,5,3,Όχι,θέλω να ενημερώνομαι και να ακολουθώ το πρόγραμμα γυμναστικής / συμβουλές του;έχει ωραίο σώμα,body_building
kayla_itsines,Άντρας,25,5,4,5,1,1,3,3,5,5,3,Όχι,θέλω να ενημερώνομαι και να ακολουθώ το πρόγραμμα γυμναστικής / συμβουλές του,body_building
emrickettz,Άντρας,25,3,3,1,1,1,4,4,3,3,1,Όχι,θέλω να ενημερώνομαι και να ακολουθώ το πρόγραμμα γυμναστικής / συμβουλές του,body_building
nez__healthhub,Άντρας,29,4,3,4,2,5,3,2,3,4,5,Ναι,έχει ωραίο σώμα;έχει ωραίο lifestyle,nutrition
mistyonpointe,Άντρας,29,5,3,1,2,4,4,3,4,4,4,Ναι,αναρτά ενδιαφέρον περιεχόμενο,dance
kelseywells,Άντρας,29,3,3,4,4,2,2,3,3,3,4,Όχι,θέλω να ενημερώνομαι και να ακολουθώ το πρόγραμμα γυμναστικής / συμβουλές του,body_building
kayla_itsines,Άντρας,29,4,4,3,2,2,4,3,4,4,4,Ναι,έχει ωραίο σώμα;έχει ωραίο lifestyle,body_building
emrickettz,Άντρας,29,4,3,3,3,3,4,3,4,4,4,Όχι,αναρτά ενδιαφέρον περιεχόμενο,body_building
chontelduncan,Άντρας,29,4,4,3,2,3,4,3,3,3,3,Όχι,έχει ωραίο lifestyle,body_building
cartergood,Άντρας,29,3,4,4,3,2,3,2,3,3,3,Όχι,έχει ωραίο σώμα,nutrition
bradleysimmonds,Άντρας,29,4,4,4,2,2,3,3,4,4,4,Ναι,θέλω να ενημερώνομαι και να ακολουθώ το πρόγραμμα γυμναστικής / συμβουλές του;έχει ωραίο σώμα;έχει ωραίο lifestyle;αναρτά ενδιαφέρον περιεχόμενο,body_building
biolayne,Άντρας,29,2,2,3,2,4,4,4,3,2,2,Όχι,έχει ωραίο σώμα,nutrition
chontelduncan,Άντρας,25,3,3,4,5,2,2,1,4,5,3,Ναι,έχει ωραίο σώμα,body_building
cartergood,Άντρας,25,3,3,4,3,2,1,2,3,3,3,Όχι,αναρτά ενδιαφέρον περιεχόμενο,nutrition
bradleysimmonds,Άντρας,25,3,3,4,3,4,2,1,5,5,3,Ναι,θέλω να ενημερώνομαι και να ακολουθώ το πρόγραμμα γυμναστικής / συμβουλές του;αναρτά ενδιαφέρον περιεχόμενο,body_building
biolayne,Άντρας,25,4,5,4,3,3,2,1,4,4,3,Ναι,αναρτά ενδιαφέρον περιεχόμενο,nutrition
anacheri,Άντρας,25,5,5,5,5,2,4,2,4,3,3,Ναι,έχει ωραίο σώμα,fitness_model
movewithnicole,Γυναίκα,28,4,3,4,3,1,3,2,4,4,1,Όχι,θέλω να ενημερώνομαι και να ακολουθώ το πρόγραμμα γυμναστικής / συμβουλές του,yoga
melissawoodhealth,Γυναίκα,26,3,2,4,4,3,3,2,3,3,1,Όχι,θέλω να ενημερώνομαι και να ακολουθώ το πρόγραμμα γυμναστικής / συμβουλές του,yoga
colleensaidman,Γυναίκα,26,3,1,4,5,5,3,2,2,2,1,Όχι,αναρτά ενδιαφέρον περιεχόμενο,yoga
wundabarpilates,Γυναίκα,26,3,1,4,2,2,2,2,4,3,1,Όχι,θέλω να ενημερώνομαι και να ακολουθώ το πρόγραμμα γυμναστικής / συμβουλές του,pilates
jennyredfordpilates,Γυναίκα,26,4,3,4,2,1,2,1,5,4,1,Όχι,θέλω να ενημερώνομαι και να ακολουθώ το πρόγραμμα γυμναστικής / συμβουλές του;αναρτά ενδιαφέρον περιεχόμενο,pilates
fluidformpilates,Γυναίκα,26,4,2,4,4,3,3,2,4,4,1,Όχι,θέλω να ενημερώνομαι και να ακολουθώ το πρόγραμμα γυμναστικής / συμβουλές του;αναρτά ενδιαφέρον περιεχόμενο,pilates
lisahubbardpilates,Γυναίκα,26,2,2,3,2,2,5,2,4,3,1,Όχι,θέλω να ενημερώνομαι και να ακολουθώ το πρόγραμμα γυμναστικής / συμβουλές του,pilates
blogilates,Γυναίκα,26,5,3,4,4,4,3,2,4,4,3,Ναι,έχει ωραίο lifestyle;αναρτά ενδιαφέρον περιεχόμενο,pilates
pilates949,Γυναίκα,26,4,2,4,1,1,2,2,5,5,1,Όχι,θέλω να ενημερώνομαι και να ακολουθώ το πρόγραμμα γυμναστικής / συμβουλές του,pilates
willdabeast__,Γυναίκα,26,4,2,3,2,4,2,4,3,3,1,Όχι,αναρτά ενδιαφέρον περιεχόμενο,dance
cassiepearlt,Γυναίκα,26,4,4,4,1,3,2,2,4,4,1,Ναι,αναρτά ενδιαφέρον περιεχόμενο,dance
jennyfrancis23,Γυναίκα,28,4,1,4,1,1,2,2,4,4,1,Όχι,θέλω να ενημερώνομαι και να ακολουθώ το πρόγραμμα γυμναστικής / συμβουλές του,body_building
rossedgley,Άντρας,27,2,2,3,2,4,4,3,3,3,1,Όχι,έχει ωραίο lifestyle,athlete
diaryofafitmommyofficial,Γυναίκα,24,3,3,3,2,2,2,2,3,3,2,Όχι,θέλω να ενημερώνομαι και να ακολουθώ το πρόγραμμα γυμναστικής / συμβουλές του,body_building
marillewellyn,Γυναίκα,28,4,3,4,4,3,4,2,3,2,1,Όχι,αναρτά ενδιαφέρον περιεχόμενο,nutrition
syattfitness,Άντρας,27,5,4,4,3,2,3,2,4,4,2,Ναι,θέλω να ενημερώνομαι και να ακολουθώ το πρόγραμμα γυμναστικής / συμβουλές του;αναρτά ενδιαφέρον περιεχόμενο,nutrition
thesamplan,Άντρας,27,3,3,3,4,4,4,3,2,2,1,Όχι,έχει ωραίο lifestyle,nutrition
mistyonpointe,Γυναίκα,24,3,4,4,3,3,2,2,3,3,2,Όχι,αναρτά ενδιαφέρον περιεχόμενο,dance
helms3dmj,Γυναίκα,28,3,2,4,1,1,3,2,4,3,1,Όχι,θέλω να ενημερώνομαι και να ακολουθώ το πρόγραμμα γυμναστικής / συμβουλές του,body_building
shona_vertue,Άντρας,27,4,4,4,2,4,2,2,5,5,2,Ναι,θέλω να ενημερώνομαι και να ακολουθώ το πρόγραμμα γυμναστικής / συμβουλές του;αναρτά ενδιαφέρον περιεχόμενο,yoga
emrickettz,Γυναίκα,28,4,2,4,1,1,2,2,5,4,1,Ναι,θέλω να ενημερώνομαι και να ακολουθώ το πρόγραμμα γυμναστικής / συμβουλές του,body_building
nez__healthhub,Γυναίκα,24,2,3,2,3,3,2,4,3,2,1,Όχι,αναρτά ενδιαφέρον περιεχόμενο,nutrition
rahkigiovanni,Γυναίκα,24,2,2,2,3,3,4,4,2,1,1,Όχι,απαπαπα,fitness_model
faisalpmafitness,Άντρας,23,3,3,3,3,2,3,2,3,3,2,Όχι,έχει ωραίο σώμα,body_building
fitgurlmel,Άντρας,23,3,3,3,4,2,4,2,3,2,2,Όχι,έχει ωραίο σώμα,fitness_model
cartergood,Άντρας,23,3,4,4,2,1,2,2,4,3,3,Ναι,αναρτά ενδιαφέρον περιεχόμενο,nutrition
kelseywells,Άντρας,23,4,3,4,3,2,3,2,3,3,4,Ναι,έχει ωραίο σώμα;έχει ωραίο lifestyle,body_building
biolayne,Άντρας,23,3,3,3,4,2,3,3,5,4,3,Ναι,έχει ωραίο σώμα;αναρτά ενδιαφέρον περιεχόμενο,nutrition
willdabeast__,Γυναίκα,28,2,2,1,4,4,2,4,2,1,1,Όχι,οχι οχι,dance
amandalacount,Γυναίκα,28,3,3,3,3,2,4,2,3,2,1,Όχι,αναρτά ενδιαφέρον περιεχόμενο,dance
Kayla_itsines,Γυναίκα,19,4,5,4,5,3,1,2,4,4,2,Ναι,αναρτά ενδιαφέρον περιεχόμενο,body_building
Tavicastro,Γυναίκα,18,4,4,4,5,2,1,1,5,4,2,Ναι,έχει ωραίο lifestyle,body_building