timestamp,name,gender,age,συμπαθές,δημιουργικό,ήρεμο/συναισθηματικά ισορροπημένο,εξωστρεφές,συνοχή,εγωκεντρικό / νάρκισσος,ευέξαπτο,αξιόπιστο / σωστός επαγγελματίας,εμπιστευόμουν για θέματα fitness,εμπιστευόμουν για τομέα διαφορετικό,follow,reasons,category
2021/05/01 10:55:09 π.μ. GMT+3,therock,Άντρας,27,4,3,5,5,5,2,2,5,4,2,Ναι,αναρτά ενδιαφέρον περιεχόμενο,body_building
2021/05/01 10:55:44 π.μ. GMT+3,dade2shelby,Γυναίκα,28,4,5,2,4,1,4,4,3,2,3,Όχι,αναρτά ενδιαφέρον περιεχόμενο,yoga
2021/05/01 10:55:45 π.μ. GMT+3,officialdavidhallberg,Γυναίκα,24,4,4,5,2,4,1,2,4,4,2,Ναι,αναρτά ενδιαφέρον περιεχόμενο,dance
2021/05/01 3:37:39 μ.μ. GMT+3,thebodycoach,Γυναίκα,22,3,4,3,2,3,3,2,4,4,3,Ναι,θέλω να ενημερώνομαι και να ακολουθώ το πρόγραμμα γυμναστικής / συμβουλές του;αναρτά ενδιαφέρον περιεχόμενο,nutrition
2021/05/01 3:42:18 μ.μ. GMT+3,fitmencook,Γυναίκα,22,4,5,3,3,2,2,2,3,3,1,Όχι,αναρτά ενδιαφέρον περιεχόμενο,nutrition
2021/05/01 3:50:54 μ.μ. GMT+3,ellena_fit,Γυναίκα,22,3,3,3,4,3,4,3,3,2,1,Όχι,έχει ωραίο lifestyle;αναρτά ενδιαφέρον περιεχόμενο,nutrition
2021/05/01 4:20:43 μ.μ. GMT+3,sophiebrace_fit,Γυναίκα,25,4,3,5,3,2,2,1,5,5,2,Ναι,έχει ωραίο lifestyle,fitness_model
2021/05/01 4:25:33 μ.μ. GMT+3,Juditmoreno22 ,Γυναίκα,25,2,1,2,5,1,5,4,3,2,1,Όχι,έχει ωραίο σώμα,fitness_model
2021/05/01 4:26:09 μ.μ. GMT+3,Scwarzenegger,Άντρας,28,4,4,2,3,3,3,3,5,4,1,Όχι,αναρτά ενδιαφέρον περιεχόμενο,
2021/05/01 4:30:13 μ.μ. GMT+3,Kaisafit,Γυναίκα,25,5,3,4,1,4,2,2,4,3,4,Όχι,θέλω να ενημερώνομαι και να ακολουθώ το πρόγραμμα γυμναστικής / συμβουλές του,body_building
2021/05/01 4:30:56 μ.μ. GMT+3,balletbeautiful,Γυναίκα,25,4,4,3,4,2,2,3,4,4,2,Ναι,έχει ωραίο lifestyle;αναρτά ενδιαφέρον περιεχόμενο,dance
2021/05/01 4:33:33 μ.μ. GMT+3,theballerina,Γυναίκα,25,4,5,3,5,1,2,3,5,3,4,Ναι,έχει ωραίο lifestyle;αναρτά ενδιαφέρον περιεχόμενο,dance
2021/05/01 4:34:55 μ.μ. GMT+3,kylehanagami,Γυναίκα,25,5,5,4,4,2,2,3,5,3,4,Ναι,έχει ωραίο lifestyle;αναρτά ενδιαφέρον περιεχόμενο,dance
2021/05/01 4:34:58 μ.μ. GMT+3,espana927,Γυναίκα,23,3,2,3,3,1,4,3,3,2,1,Όχι,αναρτά ενδιαφέρον περιεχόμενο,
2021/05/01 4:35:27 μ.μ. GMT+3,brandon__curry,Γυναίκα,25,4,1,4,4,4,2,2,3,4,1,Όχι,έχει ωραίο lifestyle,body_building
2021/05/01 4:36:54 μ.μ. GMT+3,jojogomezxo,Γυναίκα,25,5,5,4,5,1,1,3,5,4,4,Ναι,"αναρτά ενδιαφέρον περιεχόμενο;she is a dancer and as I love dancing, I adore her choreos",dance
2021/05/01 4:37:35 μ.μ. GMT+3,stevecook,Γυναίκα,23,3,2,3,4,2,4,2,3,2,1,Όχι,αναρτά ενδιαφέρον περιεχόμενο,body_building
2021/05/01 4:39:25 μ.μ. GMT+3,autumnmiller,Γυναίκα,25,4,5,3,4,2,3,3,4,2,2,Ναι,έχει ωραίο lifestyle;αναρτά ενδιαφέρον περιεχόμενο,dance
2021/05/01 4:39:29 μ.μ. GMT+3,yarishna,Γυναίκα,23,2,2,2,4,1,4,3,2,2,1,Όχι,αναρτά ενδιαφέρον περιεχόμενο,body_building
2021/05/01 4:40:13 μ.μ. GMT+3,mrolympia08 ,Γυναίκα,25,3,1,2,4,4,4,3,3,3,1,Όχι,Τιποτα,body_building
2021/05/01 4:40:26 μ.μ. GMT+3,Espana927,Γυναίκα,26,3,3,3,5,5,5,2,2,1,1,Όχι,Απλά αν κάτι με υποχρέωνε να το ακολουθήσω. Ειδάλλως δεν θα ενδιαφερομουν να βλέπω αναρτήσεις του συγκεκριμένου λογαριασμού ,
2021/05/01 4:42:28 μ.μ. GMT+3,demibagby,Γυναίκα,23,4,4,3,5,2,4,3,3,2,1,Όχι,αναρτά ενδιαφέρον περιεχόμενο,body_building
2021/05/01 4:42:46 μ.μ. GMT+3,markmeismer,Γυναίκα,25,4,5,3,4,2,2,3,4,2,2,Ναι,έχει ωραίο lifestyle;αναρτά ενδιαφέρον περιεχόμενο,dance
2021/05/01 4:43:02 μ.μ. GMT+3,Yarishna,Γυναίκα,26,2,2,2,5,5,5,2,4,4,1,Όχι,Δεν θα το ακόλουθουσα,body_building
2021/05/01 4:43:28 μ.μ. GMT+3,flex_luis,Γυναίκα,25,3,1,2,3,2,4,4,3,1,1,Όχι,Τιποτα,
2021/05/01 4:44:31 μ.μ. GMT+3,c.t.ali.fletcher,Γυναίκα,23,4,3,3,3,2,2,2,3,2,1,Όχι,αναρτά ενδιαφέρον περιεχόμενο,body_building
2021/05/01 4:44:59 μ.μ. GMT+3,amandalacount,Γυναίκα,25,5,5,3,4,1,2,3,4,2,2,Ναι,έχει ωραίο lifestyle;αναρτά ενδιαφέρον περιεχόμενο,dance
2021/05/01 4:46:23 μ.μ. GMT+3,Somerray,Άντρας,28,4,4,3,4,3,4,1,5,4,4,Ναι,αναρτά ενδιαφέρον περιεχόμενο,
2021/05/01 4:46:24 μ.μ. GMT+3,Demybagby,Γυναίκα,26,5,5,4,5,1,3,1,5,3,2,Ναι,αναρτά ενδιαφέρον περιεχόμενο,
2021/05/01 4:48:43 μ.μ. GMT+3,willdabeast__,Γυναίκα,25,3,4,3,4,3,2,3,3,2,2,Όχι,αναρτά ενδιαφέρον περιεχόμενο,dance
2021/05/01 4:52:37 μ.μ. GMT+3,amymarie,Γυναίκα,25,5,5,3,4,1,2,3,4,2,2,Ναι,έχει ωραίο lifestyle;αναρτά ενδιαφέρον περιεχόμενο,dance
2021/05/01 4:55:12 μ.μ. GMT+3,jamesbwhiteside,Γυναίκα,25,4,4,3,4,2,2,3,4,2,2,Ναι,έχει ωραίο lifestyle;αναρτά ενδιαφέρον περιεχόμενο,dance
2021/05/01 5:13:28 μ.μ. GMT+3,Hannaoeberg ,Γυναίκα,22,3,4,3,5,2,2,2,4,4,3,Όχι,Motivation,fitness_model
2021/05/01 5:15:28 μ.μ. GMT+3,Kaisafit ,Γυναίκα,22,4,4,3,4,2,2,2,4,4,4,Όχι,Motivation ,body_building
2021/05/01 5:17:10 μ.μ. GMT+3,Frank_medrano,Γυναίκα,22,4,4,4,4,2,2,3,4,4,4,Όχι,Motivation,body_building
2021/05/01 5:24:39 μ.μ. GMT+3,Egw,Γυναίκα,27,5,5,4,2,3,1,2,4,3,2,Ναι,αναρτά ενδιαφέρον περιεχόμενο,
2021/05/01 5:38:57 μ.μ. GMT+3,espana927,Γυναίκα,30,3,3,2,4,3,4,4,1,1,1,Όχι,έχει ωραίο σώμα,
2021/05/01 5:42:31 μ.μ. GMT+3,Yarishna,Γυναίκα,30,2,2,2,3,5,5,3,3,2,1,Όχι,αναρτά ενδιαφέρον περιεχόμενο,body_building
2021/05/01 5:44:26 μ.μ. GMT+3,Demibagby,Γυναίκα,30,4,4,4,3,1,3,2,4,4,2,Ναι,θέλω να ενημερώνομαι και να ακολουθώ το πρόγραμμα γυμναστικής / συμβουλές του,body_building
2021/05/01 5:46:28 μ.μ. GMT+3,Stevecook,Γυναίκα,30,3,2,2,4,4,5,3,3,2,1,Όχι,έχει ωραίο σώμα,body_building
2021/05/01 5:48:09 μ.μ. GMT+3,Saschafitness,Γυναίκα,30,4,4,4,3,5,2,2,5,5,3,Ναι,θέλω να ενημερώνομαι και να ακολουθώ το πρόγραμμα γυμναστικής / συμβουλές του;αναρτά ενδιαφέρον περιεχόμενο,fitness_model
2021/05/01 5:50:14 μ.μ. GMT+3,Andreideiu_,Γυναίκα,30,2,1,2,3,4,5,3,3,2,1,Όχι,έχει ωραίο σώμα,body_building
2021/05/01 5:53:00 μ.μ. GMT+3,Jeff seid,Γυναίκα,30,1,1,1,4,5,5,4,2,2,1,Όχι,έχει ωραίο σώμα;έχει ωραίο lifestyle,
2021/05/01 5:54:35 μ.μ. GMT+3,Ronnie Coleman,Γυναίκα,30,1,1,1,3,2,4,2,4,2,2,Όχι,αναρτά ενδιαφέρον περιεχόμενο,
2021/05/01 5:56:31 μ.μ. GMT+3,Bradleymartyn,Γυναίκα,30,3,2,3,3,3,4,2,3,3,1,Όχι,έχει ωραίο lifestyle,body_building
2021/05/01 5:58:18 μ.μ. GMT+3,Philheath,Γυναίκα,30,1,1,2,3,2,5,3,3,2,1,Όχι,αναρτά ενδιαφέρον περιεχόμενο,body_building
2021/05/01 6:00:28 μ.μ. GMT+3,Sadikhadzovic,Γυναίκα,30,4,4,3,3,2,3,1,4,3,2,Ναι,θέλω να ενημερώνομαι και να ακολουθώ το πρόγραμμα γυμναστικής / συμβουλές του;αναρτά ενδιαφέρον περιεχόμενο,body_building
2021/05/01 6:02:18 μ.μ. GMT+3,Eva_andressa,Γυναίκα,30,4,3,3,4,2,3,1,4,4,2,Ναι,αναρτά ενδιαφέρον περιεχόμενο,body_building
2021/05/01 6:08:18 μ.μ. GMT+3,balletbeautiful ,Γυναίκα,24,5,5,5,5,5,1,1,3,4,4,Ναι,έχει ωραίο lifestyle;αναρτά ενδιαφέρον περιεχόμενο,dance
2021/05/01 6:24:25 μ.μ. GMT+3,balletbeautiful ,Γυναίκα,24,5,5,5,5,5,1,1,3,4,4,Ναι,έχει ωραίο lifestyle;αναρτά ενδιαφέρον περιεχόμενο,dance
2021/05/01 6:26:11 μ.μ. GMT+3,Theballerina ,Γυναίκα,24,5,5,4,5,4,2,1,5,4,5,Ναι,έχει ωραίο σώμα;έχει ωραίο lifestyle;αναρτά ενδιαφέρον περιεχόμενο,dance
2021/05/01 6:34:22 μ.μ. GMT+3,naturally.sassy,Γυναίκα,24,5,5,5,5,5,1,1,5,5,5,Ναι,αναρτά ενδιαφέρον περιεχόμενο,dance
2021/05/01 6:47:02 μ.μ. GMT+3,Espana927,Γυναίκα,17,4,3,3,3,1,2,2,4,3,3,Όχι,θέλω να ενημερώνομαι και να ακολουθώ το πρόγραμμα γυμναστικής / συμβουλές του,
2021/05/01 6:50:51 μ.μ. GMT+3,sommerray,Άντρας,28,5,4,3,5,4,3,2,4,5,3,Ναι,αναρτά ενδιαφέρον περιεχόμενο,fitness_model
2021/05/01 6:52:02 μ.μ. GMT+3,Kathryn.morgan ,Γυναίκα,24,5,4,5,3,5,1,1,5,2,4,Ναι,έχει ωραίο lifestyle;αναρτά ενδιαφέρον περιεχόμενο,
2021/05/01 6:52:46 μ.μ. GMT+3,Theballerina ,Γυναίκα,24,5,5,4,5,4,2,1,5,4,5,Ναι,έχει ωραίο σώμα;έχει ωραίο lifestyle;αναρτά ενδιαφέρον περιεχόμενο,dance
2021/05/01 6:52:46 μ.μ. GMT+3,balletbeautiful ,Γυναίκα,24,5,5,5,5,5,1,1,3,4,4,Ναι,έχει ωραίο lifestyle;αναρτά ενδιαφέρον περιεχόμενο,dance
2021/05/01 6:56:42 μ.μ. GMT+3,Stevecook,Γυναίκα,17,3,3,3,4,3,3,2,4,3,2,Όχι,θέλω να ενημερώνομαι και να ακολουθώ το πρόγραμμα γυμναστικής / συμβουλές του,body_building
2021/05/01 7:01:52 μ.μ. GMT+3,c.t.ali.fletcher ,Γυναίκα,17,4,3,3,4,3,3,3,3,3,3,Όχι,θέλω να ενημερώνομαι και να ακολουθώ το πρόγραμμα γυμναστικής / συμβουλές του,body_building
2021/05/01 7:13:40 μ.μ. GMT+3,mandysacs,Γυναίκα,24,2,2,3,3,4,5,4,4,2,1,Όχι,έχει ωραίο σώμα,athlete
2021/05/01 7:14:41 μ.μ. GMT+3,shonda1020,Γυναίκα,24,4,4,4,4,5,2,2,4,4,3,Ναι,θέλω να ενημερώνομαι και να ακολουθώ το πρόγραμμα γυμναστικής / συμβουλές του,nutrition
2021/05/01 7:16:24 μ.μ. GMT+3,misslisamorales,Γυναίκα,24,4,3,3,4,2,2,2,3,3,3,Όχι,αναρτά ενδιαφέρον περιεχόμενο,nutrition
2021/05/01 7:17:31 μ.μ. GMT+3,lisafiitt,Γυναίκα,24,3,3,3,4,4,3,3,4,4,2,Όχι,θέλω να ενημερώνομαι και να ακολουθώ το πρόγραμμα γυμναστικής / συμβουλές του,body_building
2021/05/01 7:18:58 μ.μ. GMT+3,romanelanceford,Γυναίκα,24,3,3,3,4,3,2,2,4,3,2,Όχι,θέλω να ενημερώνομαι και να ακολουθώ το πρόγραμμα γυμναστικής / συμβουλές του;έχει ωραίο σώμα,body_building
2021/05/01 7:21:13 μ.μ. GMT+3,lifeperiway,Γυναίκα,24,2,2,3,4,4,3,4,4,3,1,Όχι,έχει ωραίο lifestyle,athlete
2021/05/01 7:25:10 μ.μ. GMT+3,missmiafit,Γυναίκα,24,2,3,2,5,3,5,2,3,2,2,Όχι,"τιποτα, δεν μ αρεσει το προφιλ της",body_building
2021/05/01 8:20:17 μ.μ. GMT+3,catmeffan ,Γυναίκα,28,4,2,4,2,4,2,2,4,4,2,Όχι,αναρτά ενδιαφέρον περιεχόμενο,yoga
2021/05/01 8:35:18 μ.μ. GMT+3,joeyswoll,Άντρας,24,2,3,3,4,1,4,3,4,2,1,Όχι,θέλω να ενημερώνομαι και να ακολουθώ το πρόγραμμα γυμναστικής / συμβουλές του,body_building
2021/05/01 8:49:45 μ.μ. GMT+3,lamise,Γυναίκα,28,5,2,4,3,4,2,2,4,4,3,Όχι,θέλω να ενημερώνομαι και να ακολουθώ το πρόγραμμα γυμναστικής / συμβουλές του,yoga
2021/05/01 8:56:48 μ.μ. GMT+3,chelseasyoga,Γυναίκα,28,2,1,4,2,1,2,2,5,5,2,Όχι,θέλω να ενημερώνομαι και να ακολουθώ το πρόγραμμα γυμναστικής / συμβουλές του,yoga
2021/05/01 9:06:16 μ.μ. GMT+3,joshkrameryoga,Γυναίκα,28,3,5,4,1,1,4,2,5,5,2,Ναι,έχει ωραίο σώμα;έχει ωραίο lifestyle;αναρτά ενδιαφέρον περιεχόμενο,yoga
2021/05/01 9:16:13 μ.μ. GMT+3,ryan_spiteri,Άντρας,24,4,4,4,3,1,3,1,5,5,3,Ναι,θέλω να ενημερώνομαι και να ακολουθώ το πρόγραμμα γυμναστικής / συμβουλές του,body_building
2021/05/01 9:17:48 μ.μ. GMT+3,lindseyvonn,Άντρας,24,5,3,4,5,4,5,1,3,3,3,Όχι,έχει ωραίο σώμα;έχει ωραίο lifestyle,athlete
2021/05/01 9:28:55 μ.μ. GMT+3,ainsley,Άντρας,24,5,4,4,5,3,4,1,4,5,3,Ναι,θέλω να ενημερώνομαι και να ακολουθώ το πρόγραμμα γυμναστικής / συμβουλές του;έχει ωραίο σώμα;έχει ωραίο lifestyle,nutrition
2021/05/01 9:30:10 μ.μ. GMT+3,valentinalequeux,Άντρας,24,5,4,4,4,3,4,1,5,5,3,Ναι,θέλω να ενημερώνομαι και να ακολουθώ το πρόγραμμα γυμναστικής / συμβουλές του;έχει ωραίο σώμα;έχει ωραίο lifestyle;αναρτά ενδιαφέρον περιεχόμενο,body_building
2021/05/01 9:34:52 μ.μ. GMT+3,stephaniesanzo ,Άντρας,24,3,3,4,3,1,4,4,4,3,1,Όχι,έχει ωραίο σώμα,body_building
2021/05/01 9:50:33 μ.μ. GMT+3,jamie.bisset,Άντρας,24,4,5,4,4,2,3,3,4,5,3,Ναι,θέλω να ενημερώνομαι και να ακολουθώ το πρόγραμμα γυμναστικής / συμβουλές του,
2021/05/01 9:51:59 μ.μ. GMT+3,larrywheels,Άντρας,24,2,3,2,5,4,4,4,4,3,1,Όχι,έχει ωραίο σώμα,athlete
2021/05/01 9:53:04 μ.μ. GMT+3,laurensimpson,Άντρας,24,5,5,4,5,2,5,1,4,4,3,Ναι,έχει ωραίο σώμα;έχει ωραίο lifestyle,body_building
2021/05/01 9:54:23 μ.μ. GMT+3,johannesbartl,Άντρας,24,3,2,5,5,5,3,1,4,4,1,Ναι,έχει ωραίο lifestyle,body_building
2021/05/01 9:55:38 μ.μ. GMT+3,lyzabethlopez ,Άντρας,24,5,4,5,4,3,5,1,4,5,1,Ναι,έχει ωραίο σώμα;έχει ωραίο lifestyle;αναρτά ενδιαφέρον περιεχόμενο,body_building
2021/05/01 9:56:13 μ.μ. GMT+3,melissawoodhealth,Γυναίκα,28,2,1,3,5,4,5,2,2,3,1,Όχι,έχει ωραίο σώμα,yoga
2021/05/01 9:56:56 μ.μ. GMT+3,brittnebabe,Άντρας,24,4,4,3,5,5,5,1,4,3,3,Όχι,θέλω να ενημερώνομαι και να ακολουθώ το πρόγραμμα γυμναστικής / συμβουλές του;έχει ωραίο σώμα;έχει ωραίο lifestyle,body_building
2021/05/01 9:58:14 μ.μ. GMT+3,yanitayancheva ,Άντρας,24,5,5,5,5,4,5,1,4,4,3,Ναι,έχει ωραίο σώμα;έχει ωραίο lifestyle;αναρτά ενδιαφέρον περιεχόμενο,body_building
2021/05/01 10:09:54 μ.μ. GMT+3,bohobeautifullife,Γυναίκα,28,3,4,4,5,4,4,3,2,2,1,Όχι,αναρτά ενδιαφέρον περιεχόμενο,yoga
2021/05/01 10:13:55 μ.μ. GMT+3,jennyredfordpilates,Γυναίκα,28,4,2,4,2,2,2,2,5,5,3,Όχι,θέλω να ενημερώνομαι και να ακολουθώ το πρόγραμμα γυμναστικής / συμβουλές του,pilates
2021/05/01 10:18:44 μ.μ. GMT+3,wundabarpilates,Γυναίκα,28,3,1,2,4,3,3,2,2,2,2,Όχι,θέλω να ενημερώνομαι και να ακολουθώ το πρόγραμμα γυμναστικής / συμβουλές του,pilates
2021/05/02 11:48:03 π.μ. GMT+3,yoga_girl,Άντρας,25,4,3,5,5,2,1,4,3,4,4,Όχι,έχει ωραίο σώμα;έχει ωραίο lifestyle,yoga
2021/05/02 11:53:57 π.μ. GMT+3,Brittnebaby,Άντρας,25,3,4,3,2,3,4,3,4,4,2,Όχι,έχει ωραίο σώμα,
2021/05/02 11:56:31 π.μ. GMT+3,tavicastro,Άντρας,25,3,5,4,5,2,3,3,3,5,2,Όχι,έχει ωραίο lifestyle,body_building
2021/05/02 11:59:27 π.μ. GMT+3,theiobot,Άντρας,25,4,3,5,5,5,1,4,3,1,4,Όχι,αναρτά ενδιαφέρον περιεχόμενο,fitness_model
2021/05/02 12:01:16 μ.μ. GMT+3,Jamie.bisset,Άντρας,25,4,5,3,1,5,4,4,5,5,3,Ναι,θέλω να ενημερώνομαι και να ακολουθώ το πρόγραμμα γυμναστικής / συμβουλές του;αναρτά ενδιαφέρον περιεχόμενο,
2021/05/02 12:03:43 μ.μ. GMT+3,dustinpoirier,Άντρας,25,2,2,3,4,4,3,3,3,3,3,Όχι,αναρτά ενδιαφέρον περιεχόμενο,athlete
2021/05/02 2:56:00 μ.μ. GMT+3,flexatronrhoden,Γυναίκα,25,3,1,3,1,5,4,3,3,1,1,Όχι,Τιποτα,body_building
2021/05/02 3:04:12 μ.μ. GMT+3,frank_medrano ,Γυναίκα,25,5,3,5,3,2,1,2,4,4,3,Ναι,έχει ωραίο lifestyle,body_building
2021/05/02 3:07:34 μ.μ. GMT+3,Hannaoeberg ,Γυναίκα,25,4,3,4,4,2,2,2,4,4,3,Όχι,έχει ωραίο lifestyle,fitness_model
2021/05/02 3:11:38 μ.μ. GMT+3,casssmartin ,Γυναίκα,25,4,1,2,3,2,2,4,3,2,2,Όχι,θέλω να ενημερώνομαι και να ακολουθώ το πρόγραμμα γυμναστικής / συμβουλές του,fitness_model
2021/05/02 3:13:50 μ.μ. GMT+3,c.t.ali.fletcher ,Γυναίκα,25,4,1,4,4,4,2,2,2,2,4,Όχι,Τιποτα,body_building
2021/05/02 3:18:02 μ.μ. GMT+3,demibagby ,Γυναίκα,25,5,4,4,4,2,2,2,4,4,4,Ναι,έχει ωραίο lifestyle,body_building
2021/05/02 3:20:23 μ.μ. GMT+3,Yarishna ,Γυναίκα,25,1,1,1,5,3,5,4,3,1,1,Όχι,Ίου. Τίποτα. ,body_building
2021/05/02 3:24:27 μ.μ. GMT+3,Stevecook ,Γυναίκα,25,5,5,3,5,5,3,3,3,5,5,Ναι,έχει ωραίο lifestyle,body_building
2021/05/02 3:26:41 μ.μ. GMT+3,espana927 ,Γυναίκα,25,4,1,2,5,3,3,3,3,1,1,Όχι,Τιποτα,
2021/05/02 8:46:52 μ.μ. GMT+3,jimmy_lewin,Γυναίκα,25,2,2,1,4,3,4,3,3,1,1,Όχι,δε θα το ακολουθούσα ,body_building
2021/05/02 8:49:17 μ.μ. GMT+3,romanelanceford,Γυναίκα,25,4,3,4,5,1,2,1,4,4,1,Ναι,θέλω να ενημερώνομαι και να ακολουθώ το πρόγραμμα γυμναστικής / συμβουλές του,body_building
2021/05/02 8:51:27 μ.μ. GMT+3,ryan_spiteri,Γυναίκα,25,4,3,3,5,2,4,2,4,4,1,Ναι,θέλω να ενημερώνομαι και να ακολουθώ το πρόγραμμα γυμναστικής / συμβουλές του,body_building
2021/05/02 8:53:01 μ.μ. GMT+3,valentinalequeux,Γυναίκα,25,4,3,3,4,4,3,1,4,4,1,Όχι,αναρτά ενδιαφέρον περιεχόμενο,body_building
2021/05/02 8:55:02 μ.μ. GMT+3,stephaniesanzo,Γυναίκα,25,2,3,3,4,2,4,2,4,4,1,Όχι,θέλω να ενημερώνομαι και να ακολουθώ το πρόγραμμα γυμναστικής / συμβουλές του,body_building
2021/05/02 8:56:51 μ.μ. GMT+3,tavicastro,Γυναίκα,25,2,2,2,4,2,4,3,3,3,1,Όχι,θέλω να ενημερώνομαι και να ακολουθώ το πρόγραμμα γυμναστικής / συμβουλές του,body_building
2021/05/02 8:58:07 μ.μ. GMT+3,roellywinklaar,Γυναίκα,25,2,3,2,4,3,4,3,3,2,2,Όχι,θέλω να ενημερώνομαι και να ακολουθώ το πρόγραμμα γυμναστικής / συμβουλές του,body_building
2021/05/02 8:59:57 μ.μ. GMT+3,mandysacs,Γυναίκα,25,3,3,3,4,3,4,2,3,3,1,Όχι,θέλω να ενημερώνομαι και να ακολουθώ το πρόγραμμα γυμναστικής / συμβουλές του,athlete
2021/05/02 9:01:32 μ.μ. GMT+3,shonda1020,Γυναίκα,25,5,4,4,4,1,2,1,4,4,3,Ναι,θέλω να ενημερώνομαι και να ακολουθώ το πρόγραμμα γυμναστικής / συμβουλές του,nutrition
2021/05/02 9:03:16 μ.μ. GMT+3,misslisamorales,Γυναίκα,25,5,4,4,4,4,2,1,4,4,3,Ναι,θέλω να ενημερώνομαι και να ακολουθώ το πρόγραμμα γυμναστικής / συμβουλές του,nutrition
2021/05/02 9:05:16 μ.μ. GMT+3,lisafiitt,Γυναίκα,25,4,4,4,4,4,2,1,4,4,3,Ναι,θέλω να ενημερώνομαι και να ακολουθώ το πρόγραμμα γυμναστικής / συμβουλές του,body_building
2021/05/02 9:52:44 μ.μ. GMT+3,larrywheels,Άντρας,24,2,2,2,4,2,5,4,2,2,2,Όχι,έχει ωραίο σώμα,athlete
2021/05/02 9:54:25 μ.μ. GMT+3,emilyskyefit,Άντρας,24,4,3,5,5,2,3,1,3,4,4,Ναι,θέλω να ενημερώνομαι και να ακολουθώ το πρόγραμμα γυμναστικής / συμβουλές του;έχει ωραίο lifestyle,body_building
2021/05/02 9:55:35 μ.μ. GMT+3,fitmencook,Άντρας,24,4,4,3,4,2,1,2,4,5,4,Ναι,θέλω να ενημερώνομαι και να ακολουθώ το πρόγραμμα γυμναστικής / συμβουλές του,nutrition
2021/05/02 9:56:57 μ.μ. GMT+3,thebodycoach,Άντρας,24,3,2,2,1,4,2,1,3,3,1,Όχι,Δεν θα το ακολουθούσα,nutrition
2021/05/02 9:57:53 μ.μ. GMT+3,valentinalequeux,Άντρας,24,3,4,4,4,2,3,2,4,4,4,Ναι,έχει ωραίο σώμα;έχει ωραίο lifestyle,body_building
2021/05/02 10:01:43 μ.μ. GMT+3,theiobot,Άντρας,24,3,2,5,5,5,2,4,3,4,1,Ναι,αναρτά ενδιαφέρον περιεχόμενο,fitness_model
2021/05/02 10:03:02 μ.μ. GMT+3,brittnebabe,Άντρας,24,2,1,2,4,2,5,4,2,1,1,Όχι,Δεν θα ακολουθούσα,body_building
2021/05/02 10:04:21 μ.μ. GMT+3,lisafiitt,Άντρας,25,5,4,4,2,1,2,1,5,4,4,Ναι,θέλω να ενημερώνομαι και να ακολουθώ το πρόγραμμα γυμναστικής / συμβουλές του;έχει ωραίο lifestyle;αναρτά ενδιαφέρον περιεχόμενο,body_building
2021/05/02 11:05:55 μ.μ. GMT+3,cassamartin,Γυναίκα,20,1,2,1,3,1,5,3,2,1,1,Όχι,τίποτα από τα παραπάνω φαίνεται ψεύτικη ,
2021/05/02 11:07:47 μ.μ. GMT+3,kaisafit ,Γυναίκα,20,5,4,4,4,1,2,2,5,4,1,Ναι,όλα τα παραπάνω ,body_building
2021/05/02 11:10:00 μ.μ. GMT+3,hannahoeberg ,Γυναίκα,20,3,4,3,5,1,4,3,2,2,1,Όχι,δεν βρίσκω κάποιο λόγο να το κάνω ποτέ ,
2021/05/03 12:12:22 π.μ. GMT+3,ellena_fit,Άντρας,25,4,3,4,5,3,3,1,3,3,3,Όχι,έχει ωραίο σώμα;έχει ωραίο lifestyle,nutrition
2021/05/03 12:14:11 π.μ. GMT+3,alexandrashappybody,Άντρας,25,2,2,4,2,1,4,1,4,4,1,Όχι,θέλω να ενημερώνομαι και να ακολουθώ το πρόγραμμα γυμναστικής / συμβουλές του;αναρτά ενδιαφέρον περιεχόμενο,nutrition
2021/05/03 12:15:26 π.μ. GMT+3,soheefit,Άντρας,28,4,4,4,4,1,3,1,4,4,2,Όχι,έχει ωραίο σώμα;αναρτά ενδιαφέρον περιεχόμενο,nutrition
2021/05/03 12:16:30 π.μ. GMT+3,michelle_lewin,Άντρας,25,3,4,3,5,2,4,3,4,4,1,Όχι,θέλω να ενημερώνομαι και να ακολουθώ το πρόγραμμα γυμναστικής / συμβουλές του;έχει ωραίο σώμα,body_building
2021/05/03 12:17:25 π.μ. GMT+3,laurendrainfit,Άντρας,25,3,4,2,5,5,5,4,4,4,1,Ναι,έχει ωραίο σώμα;αναρτά ενδιαφέρον περιεχόμενο,body_building
2021/05/03 12:18:30 π.μ. GMT+3,yoga_girl,Άντρας,25,4,5,5,4,3,2,1,4,4,3,Ναι,αναρτά ενδιαφέρον περιεχόμενο,yoga
2021/05/03 12:19:14 π.μ. GMT+3,alexajeanfitness,Άντρας,25,4,4,4,5,3,2,1,3,3,3,Όχι,θέλω να ενημερώνομαι και να ακολουθώ το πρόγραμμα γυμναστικής / συμβουλές του;αναρτά ενδιαφέρον περιεχόμενο,pilates
2021/05/03 12:20:10 π.μ. GMT+3,shonda1020,Άντρας,25,4,5,4,2,1,3,1,5,5,3,Ναι,θέλω να ενημερώνομαι και να ακολουθώ το πρόγραμμα γυμναστικής / συμβουλές του;έχει ωραίο σώμα;αναρτά ενδιαφέρον περιεχόμενο,nutrition
2021/05/03 12:20:57 π.μ. GMT+3,lisafiitt,Άντρας,25,3,4,3,3,2,4,4,5,5,1,Ναι,θέλω να ενημερώνομαι και να ακολουθώ το πρόγραμμα γυμναστικής / συμβουλές του,body_building
2021/05/03 12:21:42 π.μ. GMT+3,ainsley,Άντρας,25,4,4,4,3,2,4,1,4,4,2,Ναι,έχει ωραίο σώμα;έχει ωραίο lifestyle,nutrition
2021/05/03 12:22:30 π.μ. GMT+3,brittnebabe,Άντρας,25,2,4,3,4,4,5,3,3,2,2,Όχι,έχει ωραίο σώμα,body_building
2021/05/03 11:33:30 π.μ. GMT+3,ainslay,Άντρας,25,4,3,4,4,2,2,4,4,4,3,Όχι,έχει ωραίο σώμα;έχει ωραίο lifestyle;αναρτά ενδιαφέρον περιεχόμενο,
2021/05/03 11:38:03 π.μ. GMT+3,lisafiitt,Άντρας,25,5,5,5,4,3,4,4,5,5,5,Ναι,θέλω να ενημερώνομαι και να ακολουθώ το πρόγραμμα γυμναστικής / συμβουλές του;έχει ωραίο σώμα;έχει ωραίο lifestyle;αναρτά ενδιαφέρον περιεχόμενο,body_building
2021/05/03 11:41:41 π.μ. GMT+3,thebodycoach,Άντρας,25,2,4,4,1,4,2,3,4,4,2,Όχι,αναρτά ενδιαφέρον περιεχόμενο,nutrition
2021/05/03 11:44:09 π.μ. GMT+3,lifeperiway,Άντρας,25,3,3,4,4,4,2,4,4,4,4,Όχι,Bodybuilding content,athlete
2021/05/03 12:04:47 μ.μ. GMT+3,kerispilatesroom,Γυναίκα,29,5,4,5,5,1,2,1,4,4,3,Ναι,θέλω να ενημερώνομαι και να ακολουθώ το πρόγραμμα γυμναστικής / συμβουλές του;έχει ωραίο lifestyle,pilates
2021/05/03 12:18:03 μ.μ. GMT+3,bohobeautifullife,Γυναίκα,29,4,4,4,5,2,2,2,2,2,3,Όχι,αναρτά ενδιαφέρον περιεχόμενο,yoga
2021/05/03 12:32:46 μ.μ. GMT+3,jjweeks_pilates,Γυναίκα,29,2,2,3,1,1,4,3,5,4,2,Όχι,θέλω να ενημερώνομαι και να ακολουθώ το πρόγραμμα γυμναστικής / συμβουλές του;έχει ωραίο σώμα,pilates
2021/05/03 12:47:34 μ.μ. GMT+3,TheBallerina,Γυναίκα,24,4,5,4,3,1,2,1,5,4,1,Ναι,αναρτά ενδιαφέρον περιεχόμενο,dance
2021/05/03 1:01:02 μ.μ. GMT+3,judebug18,Γυναίκα,24,3,4,4,4,2,4,1,4,3,1,Όχι,αναρτά ενδιαφέρον περιεχόμενο,
2021/05/03 1:07:17 μ.μ. GMT+3,officialdavidhallberg,Γυναίκα,24,5,5,5,4,1,3,2,5,5,1,Ναι,αναρτά ενδιαφέρον περιεχόμενο,dance
2021/05/03 1:08:10 μ.μ. GMT+3,Colleenmwerner ,Γυναίκα,24,5,4,5,3,1,1,1,3,1,4,Όχι,αναρτά ενδιαφέρον περιεχόμενο,dance
2021/05/03 1:14:26 μ.μ. GMT+3,Colleenmwerner ,Γυναίκα,24,5,4,5,3,1,1,1,3,1,4,Όχι,αναρτά ενδιαφέρον περιεχόμενο,dance
2021/05/03 1:14:57 μ.μ. GMT+3,daniil,Γυναίκα,24,5,5,5,3,1,2,1,5,5,1,Ναι,αναρτά ενδιαφέρον περιεχόμενο,dance
2021/05/03 1:15:38 μ.μ. GMT+3,autumnmiller,Γυναίκα,24,4,4,4,3,5,4,1,4,4,4,Ναι,έχει ωραίο σώμα;έχει ωραίο lifestyle;αναρτά ενδιαφέρον περιεχόμενο,dance
2021/05/03 7:10:57 μ.μ. GMT+3,autumnmiller,Γυναίκα,24,4,4,4,3,5,4,1,4,4,4,Ναι,έχει ωραίο σώμα;έχει ωραίο lifestyle;αναρτά ενδιαφέρον περιεχόμενο,dance
2021/05/03 7:10:58 μ.μ. GMT+3,Colleenmwerner ,Γυναίκα,24,5,4,5,3,1,1,1,3,1,4,Όχι,αναρτά ενδιαφέρον περιεχόμενο,dance
2021/05/03 8:14:01 μ.μ. GMT+3,therock,Άντρας,27,4,2,4,4,5,2,2,4,4,2,Ναι,έχει ωραίο lifestyle,body_building
2021/05/03 8:15:39 μ.μ. GMT+3,sommerray,Άντρας,27,3,2,3,3,1,5,2,2,2,1,Όχι,έχει ωραίο σώμα,fitness_model
2021/05/03 8:16:42 μ.μ. GMT+3,schwarzenegger,Άντρας,27,5,2,5,3,1,2,2,5,5,3,Ναι,αναρτά ενδιαφέρον περιεχόμενο,body_building
2021/05/03 8:18:54 μ.μ. GMT+3,hannahstocking,Άντρας,27,2,2,2,4,4,5,3,2,1,1,Όχι,έχει ωραίο lifestyle,fitness_model
2021/05/03 8:20:55 μ.μ. GMT+3,iamyanetgarcia,Άντρας,27,3,2,3,4,4,5,3,3,3,2,Όχι,έχει ωραίο σώμα,fitness_model
2021/05/03 8:22:35 μ.μ. GMT+3,anllela_sagra,Άντρας,27,3,2,4,4,5,4,2,5,4,2,Όχι,έχει ωραίο σώμα,body_building
2021/05/03 8:24:07 μ.μ. GMT+3,jenselter,Άντρας,27,4,3,3,2,5,4,2,5,5,2,Ναι,θέλω να ενημερώνομαι και να ακολουθώ το πρόγραμμα γυμναστικής / συμβουλές του,fitness_model
2021/05/03 8:25:48 μ.μ. GMT+3,tammyhembrow,Άντρας,27,2,2,3,4,2,5,2,3,2,1,Όχι,έχει ωραίο σώμα,fitness_model
2021/05/03 8:27:32 μ.μ. GMT+3,amandaeliselee,Άντρας,27,3,2,4,5,2,5,2,3,2,1,Όχι,έχει ωραίο σώμα,fitness_model
2021/05/03 8:28:36 μ.μ. GMT+3,nastya_nass_,Άντρας,27,1,2,2,4,1,5,2,4,1,1,Όχι,έχει ωραίο σώμα,dance
2021/05/03 8:29:54 μ.μ. GMT+3,ulissesworld,Άντρας,27,4,3,4,2,5,4,2,5,5,2,Όχι,θέλω να ενημερώνομαι και να ακολουθώ το πρόγραμμα γυμναστικής / συμβουλές του,body_building
2021/05/03 8:31:24 μ.μ. GMT+3,simeonpanda,Άντρας,27,2,2,3,4,2,5,2,4,4,1,Όχι,θέλω να ενημερώνομαι και να ακολουθώ το πρόγραμμα γυμναστικής / συμβουλές του,body_building
2021/05/03 8:32:56 μ.μ. GMT+3,kaigreene,Άντρας,27,4,3,3,2,5,2,2,5,5,2,Ναι,θέλω να ενημερώνομαι και να ακολουθώ το πρόγραμμα γυμναστικής / συμβουλές του,body_building
2021/05/03 8:34:14 μ.μ. GMT+3,eva_andressa,Άντρας,27,3,2,3,2,4,4,2,3,3,1,Όχι,θέλω να ενημερώνομαι και να ακολουθώ το πρόγραμμα γυμναστικής / συμβουλές του,body_building
2021/05/03 8:35:38 μ.μ. GMT+3,lazar_angelov_official,Άντρας,27,2,2,3,3,4,4,3,3,2,1,Όχι,θέλω να ενημερώνομαι και να ακολουθώ το πρόγραμμα γυμναστικής / συμβουλές του,body_building
2021/05/03 8:37:45 μ.μ. GMT+3,sergiconstance,Άντρας,27,3,2,4,3,2,5,2,4,3,1,Όχι,θέλω να ενημερώνομαι και να ακολουθώ το πρόγραμμα γυμναστικής / συμβουλές του,body_building
2021/05/03 8:39:06 μ.μ. GMT+3,saschafitness,Άντρας,27,4,4,3,4,4,3,2,4,4,2,Ναι,θέλω να ενημερώνομαι και να ακολουθώ το πρόγραμμα γυμναστικής / συμβουλές του,fitness_model
2021/05/03 8:40:24 μ.μ. GMT+3,andreideiu_,Άντρας,27,1,2,2,3,4,5,3,3,2,1,Όχι,έχει ωραίο lifestyle,body_building
2021/05/03 8:41:28 μ.μ. GMT+3,jeff_seid,Άντρας,27,2,1,3,3,4,5,3,3,2,1,Όχι,έχει ωραίο lifestyle,body_building
2021/05/03 8:42:55 μ.μ. GMT+3,ronniecoleman8,Άντρας,27,5,4,5,3,2,2,2,5,5,3,Ναι,θέλω να ενημερώνομαι και να ακολουθώ το πρόγραμμα γυμναστικής / συμβουλές του,body_building
2021/05/03 8:47:01 μ.μ. GMT+3,bradleymartyn,Άντρας,27,1,1,2,4,4,5,4,2,2,1,Όχι,έχει ωραίο lifestyle,body_building
2021/05/03 8:49:07 μ.μ. GMT+3,philheath,Άντρας,27,4,3,4,3,5,3,2,5,5,2,Ναι,θέλω να ενημερώνομαι και να ακολουθώ το πρόγραμμα γυμναστικής / συμβουλές του,body_building
2021/05/03 8:50:19 μ.μ. GMT+3,sadikhadzovic,Άντρας,27,4,2,4,2,2,3,2,5,4,2,Όχι,θέλω να ενημερώνομαι και να ακολουθώ το πρόγραμμα γυμναστικής / συμβουλές του,body_building
2021/05/03 8:51:41 μ.μ. GMT+3,big_ramy,Άντρας,27,2,2,2,3,2,5,3,3,3,1,Όχι,θέλω να ενημερώνομαι και να ακολουθώ το πρόγραμμα γυμναστικής / συμβουλές του,body_building
2021/05/03 8:53:02 μ.μ. GMT+3,martynfordofficial,Άντρας,27,3,3,4,2,2,2,2,4,3,2,Όχι,έχει ωραίο lifestyle,body_building
2021/05/03 8:54:27 μ.μ. GMT+3,espana927,Άντρας,27,5,3,4,2,2,3,1,4,4,2,Ναι,θέλω να ενημερώνομαι και να ακολουθώ το πρόγραμμα γυμναστικής / συμβουλές του,
2021/05/03 9:49:18 μ.μ. GMT+3,stevecook,Άντρας,27,3,2,3,4,2,5,2,3,3,2,Όχι,έχει ωραίο lifestyle,body_building
2021/05/03 9:49:49 μ.μ. GMT+3,balletbeautiful,Γυναίκα,24,5,5,5,4,1,1,1,5,5,2,Ναι,αναρτά ενδιαφέρον περιεχόμενο,dance
2021/05/03 9:50:39 μ.μ. GMT+3,yarishna,Άντρας,27,2,2,2,2,4,5,3,4,1,1,Όχι,θέλω να ενημερώνομαι και να ακολουθώ το πρόγραμμα γυμναστικής / συμβουλές του,body_building
2021/05/03 9:51:42 μ.μ. GMT+3,demibagby,Άντρας,27,5,5,5,2,4,3,1,5,5,3,Ναι,έχει ωραίο lifestyle,body_building
2021/05/03 9:54:02 μ.μ. GMT+3,c.t.ali.fletcher,Άντρας,27,4,2,4,3,3,4,5,4,4,1,Όχι,θέλω να ενημερώνομαι και να ακολουθώ το πρόγραμμα γυμναστικής / συμβουλές του,body_building
2021/05/03 9:55:27 μ.μ. GMT+3,itscaitlinturner,Γυναίκα,28,4,5,4,2,1,3,2,4,4,3,Όχι,αναρτά ενδιαφέρον περιεχόμενο,yoga
2021/05/03 9:59:40 μ.μ. GMT+3,thebodycoach,Γυναίκα,24,4,3,5,3,2,1,1,5,5,1,Όχι,θέλω να ενημερώνομαι και να ακολουθώ το πρόγραμμα γυμναστικής / συμβουλές του,nutrition
2021/05/03 10:01:02 μ.μ. GMT+3,casssmartin,Άντρας,27,4,2,4,3,4,4,2,4,4,2,Ναι,έχει ωραίο σώμα,fitness_model
2021/05/03 10:01:16 μ.μ. GMT+3,dylanwerneryoga,Γυναίκα,28,3,5,2,1,1,2,3,4,4,1,Όχι,αναρτά ενδιαφέρον περιεχόμενο,yoga
2021/05/03 10:02:49 μ.μ. GMT+3,hannaoeberg,Άντρας,27,4,2,4,4,2,3,2,4,4,2,Όχι,θέλω να ενημερώνομαι και να ακολουθώ το πρόγραμμα γυμναστικής / συμβουλές του,fitness_model
2021/05/03 10:02:57 μ.μ. GMT+3,pilates949,Γυναίκα,28,4,4,4,3,2,3,2,4,3,3,Ναι,αναρτά ενδιαφέρον περιεχόμενο,pilates
2021/05/03 10:04:09 μ.μ. GMT+3,frank_medrano,Άντρας,27,5,4,4,2,4,2,2,5,5,2,Ναι,θέλω να ενημερώνομαι και να ακολουθώ το πρόγραμμα γυμναστικής / συμβουλές του,body_building
2021/05/03 10:05:27 μ.μ. GMT+3,flexatronrhoden,Άντρας,27,2,2,3,3,4,5,3,5,3,1,Όχι,θέλω να ενημερώνομαι και να ακολουθώ το πρόγραμμα γυμναστικής / συμβουλές του,body_building
2021/05/03 10:06:44 μ.μ. GMT+3,flex_lewis,Άντρας,27,3,3,3,5,4,4,2,4,3,1,Όχι,θέλω να ενημερώνομαι και να ακολουθώ το πρόγραμμα γυμναστικής / συμβουλές του,body_building
2021/05/03 10:07:51 μ.μ. GMT+3,mrolympia08,Άντρας,27,4,2,4,4,4,4,3,5,4,2,Όχι,θέλω να ενημερώνομαι και να ακολουθώ το πρόγραμμα γυμναστικής / συμβουλές του,body_building
2021/05/03 10:08:46 μ.μ. GMT+3,brandon__curry,Άντρας,27,3,2,4,4,2,4,2,4,3,1,Όχι,θέλω να ενημερώνομαι και να ακολουθώ το πρόγραμμα γυμναστικής / συμβουλές του,body_building
2021/05/03 10:09:42 μ.μ. GMT+3,kaisafit,Άντρας,27,2,2,3,5,5,3,2,3,2,1,Όχι,θέλω να ενημερώνομαι και να ακολουθώ το πρόγραμμα γυμναστικής / συμβουλές του,body_building
2021/05/03 10:10:42 μ.μ. GMT+3,juditmoreno22,Άντρας,27,2,2,3,5,5,5,2,2,2,1,Όχι,έχει ωραίο σώμα,fitness_model
2021/05/03 10:11:23 μ.μ. GMT+3,sommerray,Άντρας,32,5,5,3,5,5,5,3,4,3,3,Ναι,έχει ωραίο σώμα;Με ανεβάζει,fitness_model
2021/05/03 10:12:12 μ.μ. GMT+3,sophiebrace_fit,Άντρας,27,5,4,5,3,1,3,1,4,5,3,Ναι,θέλω να ενημερώνομαι και να ακολουθώ το πρόγραμμα γυμναστικής / συμβουλές του;έχει ωραίο σώμα;έχει ωραίο lifestyle;αναρτά ενδιαφέρον περιεχόμενο,fitness_model
2021/05/03 10:30:05 μ.μ. GMT+3,ashleygalvinyoga,Γυναίκα,28,4,3,4,2,2,3,2,3,3,1,Όχι,αναρτά ενδιαφέρον περιεχόμενο,yoga
2021/05/03 10:36:52 μ.μ. GMT+3,colleensaidman,Γυναίκα,28,3,1,2,4,5,2,3,2,2,1,Όχι,θέλω να ενημερώνομαι και να ακολουθώ το πρόγραμμα γυμναστικής / συμβουλές του,yoga
2021/05/03 10:49:54 μ.μ. GMT+3,fluidformpilates,Γυναίκα,28,5,4,4,3,3,2,2,5,5,3,Όχι,θέλω να ενημερώνομαι και να ακολουθώ το πρόγραμμα γυμναστικής / συμβουλές του,pilates
2021/05/03 10:52:28 μ.μ. GMT+3,dade2shelby,Γυναίκα,28,2,1,2,3,1,3,4,2,2,1,Όχι,αναρτά ενδιαφέρον περιεχόμενο,yoga
2021/05/03 10:56:47 μ.μ. GMT+3,andreitalevin,Γυναίκα,28,3,5,3,1,1,3,2,4,3,2,Όχι,αναρτά ενδιαφέρον περιεχόμενο,yoga
2021/05/03 10:59:37 μ.μ. GMT+3,movewithnicole,Γυναίκα,28,2,1,2,4,3,5,4,3,3,1,Όχι,θέλω να ενημερώνομαι και να ακολουθώ το πρόγραμμα γυμναστικής / συμβουλές του,yoga
2021/05/03 11:02:46 μ.μ. GMT+3,junglejohanna,Γυναίκα,28,3,4,2,5,2,5,4,1,1,1,Όχι,έχει ωραίο σώμα;έχει ωραίο lifestyle;αναρτά ενδιαφέρον περιεχόμενο,
2021/05/03 11:28:18 μ.μ. GMT+3,pmacfitness,Γυναίκα,24,4,3,4,2,3,1,1,4,4,4,Ναι,θέλω να ενημερώνομαι και να ακολουθώ το πρόγραμμα γυμναστικής / συμβουλές του;αναρτά ενδιαφέρον περιεχόμενο;έχει ωραια vibes,nutrition
2021/05/03 11:30:26 μ.μ. GMT+3,lucymountain,Γυναίκα,24,5,5,4,2,5,1,1,5,5,3,Ναι,θέλω να ενημερώνομαι και να ακολουθώ το πρόγραμμα γυμναστικής / συμβουλές του;αναρτά ενδιαφέρον περιεχόμενο,nutrition
2021/05/03 11:32:05 μ.μ. GMT+3,bdccarpenter,Γυναίκα,24,3,3,3,4,2,3,2,4,3,2,Όχι,θέλω να ενημερώνομαι και να ακολουθώ το πρόγραμμα γυμναστικής / συμβουλές του,nutrition
2021/05/03 11:33:47 μ.μ. GMT+3,zocobodypro,Γυναίκα,24,2,3,3,2,3,4,2,3,3,1,Όχι,έχει ωραίο σώμα,body_building
2021/05/03 11:35:03 μ.μ. GMT+3,lyzabethlopez,Γυναίκα,24,4,3,3,5,3,4,2,3,2,2,Όχι,έχει ωραίο lifestyle,body_building
2021/05/03 11:36:17 μ.μ. GMT+3,yanitayancheva,Γυναίκα,24,3,4,3,5,3,5,2,3,4,3,Όχι,έχει ωραίο σώμα;έχει ωραίο lifestyle,body_building
2021/05/03 11:38:05 μ.μ. GMT+3,dustinpoirier,Γυναίκα,24,3,3,2,5,2,2,4,4,3,2,Όχι,έχει ωραίο lifestyle,athlete
2021/05/03 11:40:04 μ.μ. GMT+3,roellywinklaar,Γυναίκα,24,3,3,2,4,4,4,4,3,3,2,Όχι,αναρτά ενδιαφέρον περιεχόμενο;πραγματικα δεν θα το εκανα για κανεναν λογο (ελενη),body_building
2021/05/03 11:41:25 μ.μ. GMT+3,johannesbartl,Γυναίκα,24,5,4,4,4,2,1,2,4,4,3,Ναι,θέλω να ενημερώνομαι και να ακολουθώ το πρόγραμμα γυμναστικής / συμβουλές του;έχει ωραίο lifestyle;αναρτά ενδιαφέρον περιεχόμενο;εχει τελειο σκυλο!,body_building
2021/05/03 11:42:58 μ.μ. GMT+3,laurensimpson,Γυναίκα,24,4,3,3,2,1,4,2,4,4,4,Ναι,θέλω να ενημερώνομαι και να ακολουθώ το πρόγραμμα γυμναστικής / συμβουλές του;έχει ωραίο σώμα;αναρτά ενδιαφέρον περιεχόμενο,body_building
2021/05/03 11:53:16 μ.μ. GMT+3,fitmencook,Γυναίκα,24,4,5,4,3,2,2,1,4,3,2,Όχι,έχει ωραίο lifestyle,nutrition
2021/05/03 11:59:12 μ.μ. GMT+3,ellena_fit,Γυναίκα,24,4,3,5,4,2,3,1,5,4,1,Ναι,θέλω να ενημερώνομαι και να ακολουθώ το πρόγραμμα γυμναστικής / συμβουλές του,nutrition
2021/05/04 12:01:28 π.μ. GMT+3,michelle_lewin,Γυναίκα,24,3,3,4,4,3,3,2,3,3,3,Όχι,θέλω να ενημερώνομαι και να ακολουθώ το πρόγραμμα γυμναστικής / συμβουλές του;έχει ωραίο σώμα,body_building
2021/05/04 12:02:30 π.μ. GMT+3,pmacfitness,Γυναίκα,24,4,4,5,2,1,1,1,5,5,1,Ναι,θέλω να ενημερώνομαι και να ακολουθώ το πρόγραμμα γυμναστικής / συμβουλές του,nutrition
2021/05/04 12:05:22 π.μ. GMT+3,emilyskyefit,Γυναίκα,24,4,4,4,5,3,2,2,4,3,3,Όχι,θέλω να ενημερώνομαι και να ακολουθώ το πρόγραμμα γυμναστικής / συμβουλές του;αναρτά ενδιαφέρον περιεχόμενο,body_building
2021/05/04 9:52:24 π.μ. GMT+3,lisahubbardpilates,Γυναίκα,28,3,2,3,2,1,3,3,4,3,1,Όχι,θέλω να ενημερώνομαι και να ακολουθώ το πρόγραμμα γυμναστικής / συμβουλές του,pilates
2021/05/04 9:55:16 π.μ. GMT+3,sylviaroberts_pilates,Γυναίκα,28,4,4,4,2,1,2,2,4,5,2,Όχι,θέλω να ενημερώνομαι και να ακολουθώ το πρόγραμμα γυμναστικής / συμβουλές του,pilates
2021/05/04 9:59:00 π.μ. GMT+3,blogilates,Γυναίκα,28,5,4,4,2,1,2,2,5,5,2,Όχι,θέλω να ενημερώνομαι και να ακολουθώ το πρόγραμμα γυμναστικής / συμβουλές του;αναρτά ενδιαφέρον περιεχόμενο,pilates
2021/05/04 11:31:27 π.μ. GMT+3,anacheri,Άντρας,23,4,3,2,4,4,4,2,3,2,4,Ναι,έχει ωραίο σώμα,fitness_model
2021/05/04 11:34:49 π.μ. GMT+3,kayla_itsines,Άντρας,16,4,4,5,5,1,1,4,3,4,3,Ναι,αναρτά ενδιαφέρον περιεχόμενο,body_building
2021/05/04 11:39:48 π.μ. GMT+3, bdccarpenter ,Άντρας,16,5,5,4,3,4,1,3,5,5,3,Ναι,θέλω να ενημερώνομαι και να ακολουθώ το πρόγραμμα γυμναστικής / συμβουλές του,nutrition
2021/05/04 11:43:14 π.μ. GMT+3, zocobodypro ,Άντρας,16,4,5,4,2,5,1,4,5,5,4,Ναι,θέλω να ενημερώνομαι και να ακολουθώ το πρόγραμμα γυμναστικής / συμβουλές του,body_building
2021/05/04 11:47:02 π.μ. GMT+3,alexandrashappybody,Άντρας,16,5,5,5,1,5,1,4,5,5,3,Ναι,θέλω να ενημερώνομαι και να ακολουθώ το πρόγραμμα γυμναστικής / συμβουλές του,nutrition
2021/05/04 11:55:24 π.μ. GMT+3,soheefit ,Άντρας,16,5,4,5,5,4,1,4,4,5,3,Ναι,έχει ωραίο σώμα,nutrition
2021/05/04 11:59:23 π.μ. GMT+3,jimmy_lewin ,Άντρας,16,5,4,4,5,4,1,5,3,3,2,Ναι,Έχει δυνατά βιώματα.,body_building
2021/05/04 12:01:10 μ.μ. GMT+3,@kayla_itsines,Άντρας,15,5,5,4,5,5,3,4,4,5,2,Ναι,αναρτά ενδιαφέρον περιεχόμενο,
2021/05/04 12:03:15 μ.μ. GMT+3,laurendrainfit ,Άντρας,16,4,4,3,4,2,3,4,2,3,2,Ναι,έχει ωραίο σώμα,body_building
2021/05/04 12:05:40 μ.μ. GMT+3,tavicastro,Άντρας,16,3,3,3,4,3,5,3,2,3,1,Όχι,έχει ωραίο σώμα,body_building
2021/05/04 12:05:44 μ.μ. GMT+3,bdccarpenter ,Άντρας,15,4,5,5,4,1,2,4,5,5,2,Ναι,αναρτά ενδιαφέρον περιεχόμενο,nutrition
2021/05/04 12:08:29 μ.μ. GMT+3,alexajeanfitness,Άντρας,16,5,5,4,5,3,1,4,4,4,3,Ναι,έχει ωραίο lifestyle,pilates
2021/05/04 12:11:18 μ.μ. GMT+3,missmiafit ,Άντρας,16,3,3,2,3,4,4,2,3,2,1,Ναι,έχει ωραίο σώμα,body_building
2021/05/04 12:13:57 μ.μ. GMT+3,zocobodypro,Άντρας,15,5,4,5,5,2,2,4,4,4,3,Ναι,αναρτά ενδιαφέρον περιεχόμενο,body_building
2021/05/04 12:15:30 μ.μ. GMT+3,joeyswoll ,Άντρας,16,2,3,1,3,3,4,2,2,2,1,Όχι,έχει ωραίο σώμα,body_building
2021/05/04 12:18:26 μ.μ. GMT+3,lindseyvonn,Άντρας,16,3,2,4,2,3,3,2,2,3,2,Όχι,έχει ωραίο lifestyle,athlete
2021/05/04 12:18:29 μ.μ. GMT+3,alexandrashappybody,Άντρας,15,4,4,4,3,3,1,3,4,3,2,Ναι,έχει ωραίο σώμα,nutrition
2021/05/04 12:21:17 μ.μ. GMT+3,lucymountain,Άντρας,16,4,5,4,2,1,1,4,5,5,4,Ναι,θέλω να ενημερώνομαι και να ακολουθώ το πρόγραμμα γυμναστικής / συμβουλές του,nutrition
2021/05/04 12:22:53 μ.μ. GMT+3,soheefit,Άντρας,15,4,4,5,5,2,2,4,5,3,4,Ναι,έχει ωραίο lifestyle,nutrition
2021/05/04 12:26:23 μ.μ. GMT+3,jimmy_lewin,Άντρας,15,4,3,4,4,2,3,4,3,4,3,Ναι,αναρτά ενδιαφέρον περιεχόμενο,body_building
2021/05/04 12:28:32 μ.μ. GMT+3,eva_andressa,Άντρας,27,5,4,4,4,2,3,3,4,3,3,Ναι,αναρτά ενδιαφέρον περιεχόμενο,body_building
2021/05/04 12:32:30 μ.μ. GMT+3,casssmartin,Άντρας,27,5,4,3,3,2,3,3,4,4,3,Ναι,έχει ωραίο σώμα,fitness_model
2021/05/04 12:34:24 μ.μ. GMT+3,therock,Άντρας,27,4,5,5,5,3,4,3,5,5,4,Ναι,έχει ωραίο lifestyle;αναρτά ενδιαφέρον περιεχόμενο,body_building
2021/05/04 12:35:48 μ.μ. GMT+3,laurendrainfit,Άντρας,15,4,3,3,2,2,4,4,3,2,2,Ναι,έχει ωραίο σώμα,body_building
2021/05/04 12:38:42 μ.μ. GMT+3,sophiebrace_fit,Άντρας,27,5,3,4,3,2,2,2,4,3,3,Ναι,έχει ωραίο σώμα,fitness_model
2021/05/04 12:43:35 μ.μ. GMT+3,juditmoreno22,Άντρας,27,5,3,3,2,4,2,3,4,4,3,Ναι,έχει ωραίο σώμα,fitness_model
2021/05/04 12:43:40 μ.μ. GMT+3,tavicastro ,Άντρας,15,4,3,4,3,2,5,4,3,4,4,Όχι,έχει ωραίο lifestyle,body_building
2021/05/04 12:48:28 μ.μ. GMT+3,bradleymartyn,Άντρας,27,4,4,4,5,3,4,3,5,5,3,Ναι,έχει ωραίο lifestyle,body_building
2021/05/04 12:50:15 μ.μ. GMT+3,alexajeanfitness,Άντρας,15,4,4,4,4,2,4,4,3,3,4,Όχι,έχει ωραίο σώμα,pilates
2021/05/04 12:50:38 μ.μ. GMT+3,jamie.bisset,Γυναίκα,24,3,2,2,1,1,2,1,4,3,1,Όχι,έχει ωραίο σώμα,
2021/05/04 12:52:20 μ.μ. GMT+3,missmiafit,Άντρας,15,4,5,4,4,2,2,4,3,3,3,Ναι,έχει ωραίο lifestyle,body_building
2021/05/04 12:53:42 μ.μ. GMT+3,larrywheels,Γυναίκα,24,1,2,1,4,3,5,3,1,1,1,Όχι,θέλω να ενημερώνομαι και να ακολουθώ το πρόγραμμα γυμναστικής / συμβουλές του;έχει ωραίο lifestyle,athlete
2021/05/04 12:55:05 μ.μ. GMT+3,joeyswoll ,Άντρας,15,3,4,4,3,2,4,4,3,2,3,Όχι,αναρτά ενδιαφέρον περιεχόμενο,body_building
2021/05/04 12:55:23 μ.μ. GMT+3,laurensimpson,Γυναίκα,24,4,4,3,2,2,3,1,4,4,3,Ναι,αναρτά ενδιαφέρον περιεχόμενο,body_building
2021/05/04 12:56:49 μ.μ. GMT+3,johannesbartl,Γυναίκα,24,4,4,4,4,3,2,2,3,2,2,Όχι,αναρτά ενδιαφέρον περιεχόμενο,body_building
2021/05/04 12:57:25 μ.μ. GMT+3,lindseyvonn,Άντρας,15,4,3,4,4,2,2,4,3,3,4,Όχι,έχει ωραίο lifestyle,athlete
2021/05/04 12:58:04 μ.μ. GMT+3,lyzabethlopez,Γυναίκα,24,4,4,5,5,2,2,1,4,4,4,Ναι,έχει ωραίο lifestyle,body_building
2021/05/04 12:59:28 μ.μ. GMT+3,brittnebabe,Γυναίκα,24,2,2,3,2,3,2,1,3,3,2,Όχι,έχει ωραίο σώμα,body_building
2021/05/04 1:00:50 μ.μ. GMT+3,yanitayancheva,Γυναίκα,24,2,1,2,5,1,5,2,2,2,2,Όχι,έχει ωραίο σώμα,body_building
2021/05/04 1:01:49 μ.μ. GMT+3,lucymountain,Άντρας,15,4,4,4,5,2,2,4,2,3,4,Ναι,έχει ωραίο lifestyle,nutrition
2021/05/04 1:02:02 μ.μ. GMT+3,tavicastro,Γυναίκα,24,2,2,1,3,4,4,4,3,2,1,Όχι,έχει ωραίο σώμα,body_building
2021/05/04 1:04:50 μ.μ. GMT+3,roellywinklaar,Γυναίκα,24,2,2,2,3,3,3,4,2,1,1,Όχι,έχει ωραίο lifestyle,body_building
2021/05/04 1:06:24 μ.μ. GMT+3,dustinpoirier,Γυναίκα,24,4,2,4,5,2,2,1,3,4,4,Όχι,αναρτά ενδιαφέρον περιεχόμενο,athlete
2021/05/04 1:12:08 μ.μ. GMT+3,mrolympia08 ,Άντρας,27,5,3,4,4,3,3,2,4,3,3,Όχι,θέλω να ενημερώνομαι και να ακολουθώ το πρόγραμμα γυμναστικής / συμβουλές του,body_building
2021/05/04 1:14:55 μ.μ. GMT+3,sadikhadzovic,Άντρας,27,4,3,4,3,4,3,3,3,2,2,Όχι,θέλω να ενημερώνομαι και να ακολουθώ το πρόγραμμα γυμναστικής / συμβουλές του,body_building
2021/05/04 2:41:59 μ.μ. GMT+3,Blogilates,Άντρας,29,1,1,2,3,2,5,3,4,1,1,Όχι,έχει ωραίο lifestyle,pilates
2021/05/04 2:53:48 μ.μ. GMT+3,amandabisk,Γυναίκα,24,4,5,4,3,5,3,2,5,4,3,Ναι,θέλω να ενημερώνομαι και να ακολουθώ το πρόγραμμα γυμναστικής / συμβουλές του;έχει ωραίο σώμα;έχει ωραίο lifestyle;αναρτά ενδιαφέρον περιεχόμενο,yoga
2021/05/04 2:56:41 μ.μ. GMT+3,traceymallett,Γυναίκα,24,3,3,3,4,4,4,3,4,3,2,Όχι,θέλω να ενημερώνομαι και να ακολουθώ το πρόγραμμα γυμναστικής / συμβουλές του;έχει ωραίο σώμα,pilates
2021/05/04 2:59:04 μ.μ. GMT+3,paola_pilates,Γυναίκα,24,4,3,4,5,5,4,2,4,4,3,Όχι,θέλω να ενημερώνομαι και να ακολουθώ το πρόγραμμα γυμναστικής / συμβουλές του,pilates
2021/05/04 3:03:25 μ.μ. GMT+3,blogilates,Γυναίκα,24,5,5,4,5,4,4,3,3,4,4,Ναι,θέλω να ενημερώνομαι και να ακολουθώ το πρόγραμμα γυμναστικής / συμβουλές του;έχει ωραίο σώμα;έχει ωραίο lifestyle;αναρτά ενδιαφέρον περιεχόμενο,pilates
2021/05/04 3:10:49 μ.μ. GMT+3,Pilates949,Γυναίκα,42,4,4,4,3,2,1,2,4,4,1,Ναι,αναρτά ενδιαφέρον περιεχόμενο,pilates
2021/05/04 3:42:55 μ.μ. GMT+3,pilates949,Άντρας;Γυναίκα,34,4,4,4,4,2,2,2,4,4,3,Ναι,θέλω να ενημερώνομαι και να ακολουθώ το πρόγραμμα γυμναστικής / συμβουλές του,pilates
2021/05/04 3:51:31 μ.μ. GMT+3,bdccarpenter,Άντρας,23,3,5,3,3,4,3,2,4,4,2,Ναι,θέλω να ενημερώνομαι και να ακολουθώ το πρόγραμμα γυμναστικής / συμβουλές του,nutrition
2021/05/04 4:10:50 μ.μ. GMT+3,hannahstocking,Άντρας,28,3,2,2,4,4,4,3,3,3,3,Ναι,έχει ωραίο σώμα,fitness_model
2021/05/04 4:12:40 μ.μ. GMT+3,iamyanetgarcia,Άντρας,28,5,5,4,5,2,1,2,5,5,5,Ναι,έχει ωραίο lifestyle,fitness_model
2021/05/04 4:14:52 μ.μ. GMT+3,anllela_sagra,Άντρας,28,5,4,4,5,1,3,2,5,5,4,Ναι,θέλω να ενημερώνομαι και να ακολουθώ το πρόγραμμα γυμναστικής / συμβουλές του,body_building
2021/05/04 4:16:59 μ.μ. GMT+3,jenselter,Άντρας,28,2,2,3,3,2,4,1,3,1,2,Ναι,έχει ωραίο σώμα,fitness_model
2021/05/04 4:18:13 μ.μ. GMT+3,tammyhembrow,Άντρας,28,5,5,5,5,1,4,1,5,5,5,Ναι,αναρτά ενδιαφέρον περιεχόμενο,fitness_model
2021/05/04 4:19:40 μ.μ. GMT+3,amandaeliselee,Άντρας,28,2,2,4,3,2,3,2,3,3,2,Ναι,έχει ωραίο lifestyle,fitness_model
2021/05/04 4:21:14 μ.μ. GMT+3,nastya_nass_,Άντρας,28,4,3,3,5,3,2,2,4,4,4,Ναι,έχει ωραίο σώμα,dance
2021/05/04 4:22:56 μ.μ. GMT+3,eva_andressa,Άντρας,28,3,3,4,4,4,3,4,5,5,1,Όχι,θέλω να ενημερώνομαι και να ακολουθώ το πρόγραμμα γυμναστικής / συμβουλές του,body_building
2021/05/04 4:24:16 μ.μ. GMT+3,saschafitness,Άντρας,28,4,3,5,4,3,1,1,4,1,3,Όχι,αναρτά ενδιαφέρον περιεχόμενο,fitness_model
2021/05/04 4:25:37 μ.μ. GMT+3,espana927,Άντρας,28,2,2,3,3,2,2,3,4,4,2,Όχι,θέλω να ενημερώνομαι και να ακολουθώ το πρόγραμμα γυμναστικής / συμβουλές του,
2021/05/04 4:27:11 μ.μ. GMT+3,yarishna,Άντρας,28,1,1,1,3,2,5,5,4,4,1,Όχι,θέλω να ενημερώνομαι και να ακολουθώ το πρόγραμμα γυμναστικής / συμβουλές του,body_building
2021/05/04 4:28:24 μ.μ. GMT+3,demibagby,Άντρας,28,4,4,3,4,4,2,4,4,3,1,Όχι,αναρτά ενδιαφέρον περιεχόμενο,body_building
2021/05/04 4:29:40 μ.μ. GMT+3,casssmartin,Άντρας,28,4,4,4,5,2,3,1,5,5,5,Ναι,έχει ωραίο σώμα,fitness_model
2021/05/04 4:31:13 μ.μ. GMT+3,hannaoeberg,Άντρας,28,3,3,4,4,3,1,1,4,4,2,Όχι,θέλω να ενημερώνομαι και να ακολουθώ το πρόγραμμα γυμναστικής / συμβουλές του,fitness_model
2021/05/04 4:32:34 μ.μ. GMT+3,kaisafit,Άντρας,28,1,2,3,3,5,3,3,2,2,1,Όχι,έχει ωραίο σώμα,body_building
2021/05/04 4:33:54 μ.μ. GMT+3,juditmoreno22,Άντρας,28,5,5,5,5,1,2,1,5,5,5,Ναι,θέλω να ενημερώνομαι και να ακολουθώ το πρόγραμμα γυμναστικής / συμβουλές του,fitness_model
2021/05/04 4:35:09 μ.μ. GMT+3,sophiebrace_fit,Άντρας,28,4,1,4,3,5,2,2,2,1,1,Όχι,αναρτά ενδιαφέρον περιεχόμενο,fitness_model
2021/05/04 4:40:05 μ.μ. GMT+3,Akis Petretzikis,Άντρας,24,5,5,5,4,1,2,1,5,5,2,Ναι,αναρτά ενδιαφέρον περιεχόμενο,
2021/05/04 5:40:54 μ.μ. GMT+3,PAOLA_PILATES,Άντρας,30,4,4,4,4,1,3,1,4,4,3,Όχι,έχει ωραίο σώμα,pilates
2021/05/04 6:22:14 μ.μ. GMT+3,alexandrashappybody,Γυναίκα,24,3,4,3,1,1,1,1,5,5,1,Όχι,θέλω να ενημερώνομαι και να ακολουθώ το πρόγραμμα γυμναστικής / συμβουλές του,nutrition
2021/05/04 6:25:49 μ.μ. GMT+3,lucymountain,Γυναίκα,24,5,5,5,3,3,1,1,3,3,1,Όχι,έχει ωραίο lifestyle,nutrition
2021/05/04 6:32:02 μ.μ. GMT+3,soheefit,Γυναίκα,24,5,5,5,4,2,1,1,5,5,1,Ναι,θέλω να ενημερώνομαι και να ακολουθώ το πρόγραμμα γυμναστικής / συμβουλές του,nutrition
2021/05/04 11:52:50 μ.μ. GMT+3,kerispilatesroom,Γυναίκα,28,5,4,4,4,4,2,2,4,4,3,Ναι,θέλω να ενημερώνομαι και να ακολουθώ το πρόγραμμα γυμναστικής / συμβουλές του,pilates
2021/05/04 11:54:27 μ.μ. GMT+3,pilates949,Γυναίκα,28,3,3,3,2,5,2,2,5,4,2,Όχι,θέλω να ενημερώνομαι και να ακολουθώ το πρόγραμμα γυμναστικής / συμβουλές του,pilates
2021/05/04 11:55:44 μ.μ. GMT+3,jjweeks_pilates,Γυναίκα,28,4,3,4,1,1,2,2,5,5,2,Όχι,θέλω να ενημερώνομαι και να ακολουθώ το πρόγραμμα γυμναστικής / συμβουλές του,pilates
2021/05/04 11:59:01 μ.μ. GMT+3,sianmarshallpilates,Γυναίκα,28,3,1,4,1,2,2,2,4,4,1,Όχι,δεν βρισκω κανενα ενδιαφερον (Αλεξια),pilates
2021/05/05 12:01:32 π.μ. GMT+3,paola_pilates,Γυναίκα,28,5,4,4,1,1,2,1,5,5,2,Ναι,θέλω να ενημερώνομαι και να ακολουθώ το πρόγραμμα γυμναστικής / συμβουλές του;αναρτά ενδιαφέρον περιεχόμενο,pilates
2021/05/05 12:03:08 π.μ. GMT+3,pilatesplaceyyc,Γυναίκα,28,4,2,4,1,1,1,2,4,3,2,Όχι,θέλω να ενημερώνομαι και να ακολουθώ το πρόγραμμα γυμναστικής / συμβουλές του,pilates
2021/05/05 12:05:56 π.μ. GMT+3,traceymallett,Γυναίκα,28,3,2,3,1,3,3,2,3,3,1,Όχι,θέλω να ενημερώνομαι και να ακολουθώ το πρόγραμμα γυμναστικής / συμβουλές του,pilates
2021/05/05 12:07:40 π.μ. GMT+3,amandabisk,Γυναίκα,28,4,4,4,3,1,3,2,4,4,1,Ναι,θέλω να ενημερώνομαι και να ακολουθώ το πρόγραμμα γυμναστικής / συμβουλές του;αναρτά ενδιαφέρον περιεχόμενο,yoga
2021/05/05 12:12:16 π.μ. GMT+3,jenselter,Γυναίκα,28,4,3,3,4,3,5,2,2,3,1,Όχι,έχει ωραίο σώμα,fitness_model
2021/05/05 12:14:05 π.μ. GMT+3,amandaeliselee,Γυναίκα,28,2,2,4,5,3,5,2,2,1,1,Όχι,"Με τπτ, πιο ναρκισσισμος πεθαινεις (Αλεξια)",fitness_model
2021/05/05 12:16:16 π.μ. GMT+3,anllela_sagra,Γυναίκα,28,2,2,2,5,3,5,3,1,2,1,Όχι,"Με τπτ, απαραδεκτες φωτογραφιες, φουλ προκλητικες (Αλεξια)",body_building
2021/05/05 12:19:19 π.μ. GMT+3,sergiconstance,Γυναίκα,28,2,2,2,3,2,5,4,2,2,1,Όχι,"Με τπτ, ποζαρει με πολυ υφος",body_building
2021/05/05 12:22:10 π.μ. GMT+3,ronniecoleman8,Γυναίκα,28,4,1,2,2,4,2,4,3,1,1,Όχι,Τουλαχιστον φαινεται συμπαθητικος,body_building
2021/05/05 12:27:39 π.μ. GMT+3,lazar_angelov_official,Γυναίκα,28,2,1,2,4,4,5,4,1,1,1,Όχι,"Με τπτ, πολυ υφος",body_building
2021/05/05 12:29:17 π.μ. GMT+3,tammyhembrow,Γυναίκα,28,2,1,2,5,5,5,3,1,2,1,Όχι,έχει ωραίο σώμα,fitness_model
2021/05/05 12:34:31 π.μ. GMT+3,sianmarshallpilates,Γυναίκα,29,4,1,3,2,2,4,3,4,4,1,Όχι,θέλω να ενημερώνομαι και να ακολουθώ το πρόγραμμα γυμναστικής / συμβουλές του,pilates
2021/05/05 12:39:02 π.μ. GMT+3,paola_pilates,Γυναίκα,29,4,3,4,1,2,3,2,3,4,1,Όχι,θέλω να ενημερώνομαι και να ακολουθώ το πρόγραμμα γυμναστικής / συμβουλές του;έχει ωραίο σώμα,pilates
2021/05/05 12:42:57 π.μ. GMT+3,pilatesplaceyyc,Γυναίκα,29,2,1,3,1,2,2,4,3,3,1,Όχι,θέλω να ενημερώνομαι και να ακολουθώ το πρόγραμμα γυμναστικής / συμβουλές του,pilates
2021/05/05 12:48:18 π.μ. GMT+3,traceymallett,Γυναίκα,29,3,2,3,2,4,5,3,4,3,1,Όχι,θέλω να ενημερώνομαι και να ακολουθώ το πρόγραμμα γυμναστικής / συμβουλές του,pilates
2021/05/05 12:53:47 π.μ. GMT+3,amandabisk,Γυναίκα,29,5,5,4,4,2,2,2,5,4,4,Ναι,έχει ωραίο σώμα;έχει ωραίο lifestyle;αναρτά ενδιαφέρον περιεχόμενο,yoga
2021/05/05 1:00:27 π.μ. GMT+3,itscaitlinturner,Γυναίκα,29,4,4,4,3,4,4,2,3,3,1,Όχι,αναρτά ενδιαφέρον περιεχόμενο,yoga
2021/05/05 1:05:34 π.μ. GMT+3,catmeffan,Γυναίκα,29,4,5,4,4,3,4,1,4,4,4,Ναι,έχει ωραίο σώμα;αναρτά ενδιαφέρον περιεχόμενο,yoga
2021/05/05 1:10:46 π.μ. GMT+3,andreitalevin,Γυναίκα,29,4,5,4,4,2,3,2,4,4,2,Ναι,έχει ωραίο σώμα;έχει ωραίο lifestyle;αναρτά ενδιαφέρον περιεχόμενο,yoga
2021/05/05 9:29:40 π.μ. GMT+3,theiobot,Άντρας,30,4,3,3,5,3,3,1,4,4,2,Ναι,θέλω να ενημερώνομαι και να ακολουθώ το πρόγραμμα γυμναστικής / συμβουλές του;αναρτά ενδιαφέρον περιεχόμενο,fitness_model
2021/05/05 9:31:50 π.μ. GMT+3,yoga_girl,Άντρας,30,4,4,4,4,3,2,1,4,4,3,Ναι,θέλω να ενημερώνομαι και να ακολουθώ το πρόγραμμα γυμναστικής / συμβουλές του,yoga
2021/05/05 9:35:54 π.μ. GMT+3,mandysacs,Άντρας,30,4,4,3,4,2,3,2,4,3,3,Όχι,θέλω να ενημερώνομαι και να ακολουθώ το πρόγραμμα γυμναστικής / συμβουλές του,athlete
2021/05/05 9:40:30 π.μ. GMT+3,misslisamorales,Άντρας,30,4,2,4,4,5,2,1,3,2,2,Όχι,έχει ωραίο lifestyle,nutrition
2021/05/05 9:43:26 π.μ. GMT+3,romanelanceford,Άντρας,30,4,4,4,4,2,3,2,4,3,2,Όχι,έχει ωραίο σώμα,body_building
2021/05/05 9:48:34 π.μ. GMT+3,lifeperiway,Άντρας,30,3,2,4,2,1,3,1,4,2,3,Όχι,έχει ωραίο σώμα,athlete
2021/05/05 9:53:35 π.μ. GMT+3,laurendrainfit,Άντρας,30,5,5,3,5,1,2,1,5,4,2,Ναι,θέλω να ενημερώνομαι και να ακολουθώ το πρόγραμμα γυμναστικής / συμβουλές του,body_building
2021/05/05 9:58:58 π.μ. GMT+3,emilyskyefit,Άντρας,30,4,3,4,5,3,3,1,3,3,2,Όχι,έχει ωραίο lifestyle,body_building
2021/05/05 10:03:10 π.μ. GMT+3,joeyswoll,Άντρας,30,4,4,4,4,2,2,1,4,2,2,Όχι,έχει ωραίο σώμα,body_building
2021/05/05 10:05:19 π.μ. GMT+3,stephaniesanzo,Άντρας,30,4,4,4,4,2,2,2,4,4,3,Ναι,έχει ωραίο σώμα;αναρτά ενδιαφέρον περιεχόμενο,body_building
2021/05/05 10:45:58 π.μ. GMT+3,bradleysimmonds,Άντρας,23,3,4,4,2,5,2,1,4,5,2,Ναι,θέλω να ενημερώνομαι και να ακολουθώ το πρόγραμμα γυμναστικής / συμβουλές του,body_building
2021/05/05 10:50:00 π.μ. GMT+3,cartergood,Άντρας,23,4,4,4,2,4,4,2,4,3,2,Ναι,αναρτά ενδιαφέρον περιεχόμενο,nutrition
2021/05/05 10:50:05 π.μ. GMT+3,joshkrameryoga,Άντρας,27,4,4,3,5,2,5,3,2,3,5,Όχι,Η Αλεξία μου έβαλε το μαχαίρι στον λαιμό,yoga
2021/05/05 10:58:03 π.μ. GMT+3,chontelduncan,Άντρας,24,4,3,4,4,4,3,4,4,4,2,Όχι,έχει ωραίο σώμα;Interesting exercises,body_building
2021/05/05 11:00:50 π.μ. GMT+3,chelseasyoga,Άντρας,9999999999999999999999,4,1,3,5,5,4,3,1,1,4,Όχι,μόδα αλλά μπα,yoga
2021/05/05 11:02:44 π.μ. GMT+3,dylanwerneryoga,Άντρας,29,3,3,2,3,2,2,2,3,4,2,Ναι,αναρτά ενδιαφέρον περιεχόμενο,yoga
2021/05/05 11:02:55 π.μ. GMT+3,curveswithmoves,Άντρας,24,4,2,3,5,3,3,2,2,1,2,Όχι,έχει ωραίο lifestyle,dance
2021/05/05 11:09:01 π.μ. GMT+3,ashleygalvinyoga,Γυναίκα,29,5,4,3,4,2,3,2,4,5,3,Ναι,θέλω να ενημερώνομαι και να ακολουθώ το πρόγραμμα γυμναστικής / συμβουλές του,yoga
2021/05/05 11:11:34 π.μ. GMT+3,wundabarpilates,Άντρας,27,2,2,4,5,4,5,4,4,4,1,Όχι,μα δεν θα το έκανα ,pilates
2021/05/05 11:16:02 π.μ. GMT+3,jennyredfordpilates,Άντρας,27,1,1,5,5,5,3,1,5,1,1,Όχι,μάλλον κατά λάθος,pilates
2021/05/05 11:18:23 π.μ. GMT+3,Wundabarpilates,Γυναίκα,29,2,3,2,3,3,3,3,3,2,2,Όχι,έχει ωραίο σώμα,pilates
2021/05/05 11:19:30 π.μ. GMT+3,diaryofafitmommyofficial,Άντρας,24,4,4,4,3,4,1,3,2,2,3,Ναι,Gives good advices,body_building
2021/05/05 11:20:17 π.μ. GMT+3,fluidformpilates,Άντρας,27,1,1,3,5,4,3,2,3,1,3,Όχι,για κανέναν λόγο,pilates
2021/05/05 11:23:33 π.μ. GMT+3,lisahubbardpilates,Άντρας,27,1,2,3,5,5,5,2,3,2,1,Όχι,έλα ντε,pilates
2021/05/05 11:25:08 π.μ. GMT+3,diren.kartal,Άντρας,24,4,2,3,2,4,2,1,3,4,1,Ναι,αναρτά ενδιαφέρον περιεχόμενο,yoga
2021/05/05 11:26:07 π.μ. GMT+3,jennyredfordpilates,Γυναίκα,29,4,4,5,5,2,3,2,4,5,3,Ναι,θέλω να ενημερώνομαι και να ακολουθώ το πρόγραμμα γυμναστικής / συμβουλές του,pilates
2021/05/05 11:26:59 π.μ. GMT+3,sylviaroberts_pilates,Άντρας,27,3,2,3,5,5,4,2,4,2,1,Όχι,για ψυχολογικούς λόγους,pilates
2021/05/05 11:31:07 π.μ. GMT+3,emrickettz,Άντρας,24,3,5,4,3,5,2,2,5,5,2,Ναι,θέλω να ενημερώνομαι και να ακολουθώ το πρόγραμμα γυμναστικής / συμβουλές του;έχει ωραίο σώμα,body_building
2021/05/05 11:32:51 π.μ. GMT+3,paola_pilates,Άντρας,27,3,1,3,5,5,4,2,3,1,4,Όχι,ροζ,pilates
2021/05/05 11:33:15 π.μ. GMT+3,faisalpmafitness,Άντρας,24,4,4,4,4,4,3,1,4,4,1,Ναι,θέλω να ενημερώνομαι και να ακολουθώ το πρόγραμμα γυμναστικής / συμβουλές του;έχει ωραίο σώμα,body_building
2021/05/05 11:59:02 π.μ. GMT+3,fluidformpilates,Γυναίκα,29,4,3,3,3,4,3,2,3,3,2,Ναι,έχει ωραίο σώμα;έχει ωραίο lifestyle,pilates
2021/05/05 12:06:19 μ.μ. GMT+3,kylehanagami,Γυναίκα,29,2,3,2,3,2,3,3,2,2,1,Όχι,αναρτά ενδιαφέρον περιεχόμενο,dance
2021/05/05 12:09:55 μ.μ. GMT+3,ian_eastwood,Γυναίκα,29,2,2,2,2,1,3,3,2,2,2,Όχι,αναρτά ενδιαφέρον περιεχόμενο,dance
2021/05/05 12:27:29 μ.μ. GMT+3,Chontelducan,Γυναίκα,24,4,4,3,5,2,2,1,3,5,3,Όχι,θέλω να ενημερώνομαι και να ακολουθώ το πρόγραμμα γυμναστικής / συμβουλές του,
2021/05/05 12:27:33 μ.μ. GMT+3,kaigreene,Άντρας,25,4,3,1,3,3,3,3,2,2,1,Όχι,θέλω να ενημερώνομαι και να ακολουθώ το πρόγραμμα γυμναστικής / συμβουλές του,body_building
2021/05/05 12:28:37 μ.μ. GMT+3,simeonpanda,Άντρας,25,3,2,3,3,3,4,3,1,1,1,Όχι,έχει ωραίο σώμα,body_building
2021/05/05 12:28:48 μ.μ. GMT+3,Curveswithmoves,Γυναίκα,24,5,5,4,5,4,2,2,4,4,2,Ναι,θέλω να ενημερώνομαι και να ακολουθώ το πρόγραμμα γυμναστικής / συμβουλές του;αναρτά ενδιαφέρον περιεχόμενο,dance
2021/05/05 12:29:24 μ.μ. GMT+3,martynfordofficial,Άντρας,25,2,1,1,3,3,3,3,2,1,1,Όχι,αναρτά ενδιαφέρον περιεχόμενο,body_building
2021/05/05 12:30:26 μ.μ. GMT+3,schwarzenegger,Άντρας,25,3,3,2,3,3,3,4,1,2,1,Όχι,αναρτά ενδιαφέρον περιεχόμενο,body_building
2021/05/05 12:31:04 μ.μ. GMT+3,big_ramy,Άντρας,25,5,3,4,3,3,2,2,4,4,3,Ναι,έχει ωραίο σώμα,body_building
2021/05/05 12:31:37 μ.μ. GMT+3,jeff_seid,Άντρας,25,2,2,2,3,3,4,4,2,2,2,Όχι,έχει ωραίο σώμα,body_building
2021/05/05 12:32:18 μ.μ. GMT+3,ulissesworld,Άντρας,25,2,2,3,3,3,4,3,3,3,3,Όχι,έχει ωραίο lifestyle,body_building
2021/05/05 12:35:05 μ.μ. GMT+3,Judebug98,Γυναίκα,29,2,2,2,3,2,4,3,2,2,2,Όχι,έχει ωραίο lifestyle,
2021/05/05 12:36:25 μ.μ. GMT+3,tammyhembrow,Άντρας,25,3,2,3,3,3,4,3,3,1,1,Όχι,έχει ωραίο σώμα,fitness_model
2021/05/05 12:36:51 μ.μ. GMT+3,sommerray,Άντρας,25,3,2,2,3,3,4,3,3,2,1,Όχι,έχει ωραίο σώμα,fitness_model
2021/05/05 12:37:19 μ.μ. GMT+3,bradleymartyn,Άντρας,25,3,3,2,3,3,3,4,3,2,1,Όχι,αναρτά ενδιαφέρον περιεχόμενο,body_building
2021/05/05 12:37:43 μ.μ. GMT+3,flex_lewis,Άντρας,25,4,3,3,3,3,3,3,4,4,2,Όχι,έχει ωραίο σώμα,body_building
2021/05/05 12:38:13 μ.μ. GMT+3,brandon__curry,Άντρας,25,3,3,3,3,3,2,3,4,3,2,Όχι,έχει ωραίο σώμα,body_building
2021/05/05 12:38:41 μ.μ. GMT+3,lazar_angelov_official,Άντρας,25,3,2,2,4,2,4,4,3,2,1,Όχι,αναρτά ενδιαφέρον περιεχόμενο,body_building
2021/05/05 12:39:41 μ.μ. GMT+3,nastya_nass_,Άντρας,25,2,2,2,4,3,4,3,2,1,1,Όχι,αναρτά ενδιαφέρον περιεχόμενο,dance
2021/05/05 12:40:06 μ.μ. GMT+3,andreideiu_,Άντρας,25,3,3,2,3,3,4,3,3,2,1,Όχι,έχει ωραίο σώμα,body_building
2021/05/05 12:40:24 μ.μ. GMT+3,sergiconstance,Άντρας,25,3,3,3,3,3,4,3,3,2,1,Όχι,έχει ωραίο σώμα,body_building
2021/05/05 12:41:09 μ.μ. GMT+3,iamyanetgarcia,Άντρας,25,3,3,2,4,3,3,3,2,1,1,Όχι,αναρτά ενδιαφέρον περιεχόμενο,fitness_model
2021/05/05 12:41:52 μ.μ. GMT+3,philheath,Άντρας,25,2,2,1,2,3,3,4,3,3,1,Όχι,αναρτά ενδιαφέρον περιεχόμενο,body_building
2021/05/05 12:42:33 μ.μ. GMT+3,flexatronrhoden,Άντρας,25,4,3,4,3,3,3,3,4,4,2,Όχι,θέλω να ενημερώνομαι και να ακολουθώ το πρόγραμμα γυμναστικής / συμβουλές του,body_building
2021/05/05 12:43:08 μ.μ. GMT+3,hannahstocking,Άντρας,25,3,3,3,3,3,4,3,3,1,1,Όχι,αναρτά ενδιαφέρον περιεχόμενο,fitness_model
2021/05/05 1:42:31 μ.μ. GMT+3,curveswithmoves,Γυναίκα,23,5,4,5,4,1,2,3,4,3,3,Ναι,"Για να βλέπω τη γυμναστική μέσα απο διαφορετικό τρόπο και όχι από καλογυμνασμένα ""τέλεια"" σώματα",dance
2021/05/05 1:44:32 μ.μ. GMT+3,diaryofafitmommyofficial,Γυναίκα,23,4,2,3,4,1,1,1,5,5,2,Ναι,θέλω να ενημερώνομαι και να ακολουθώ το πρόγραμμα γυμναστικής / συμβουλές του,body_building
2021/05/05 1:46:29 μ.μ. GMT+3,diren.kartal,Γυναίκα,23,4,3,4,3,4,2,2,3,3,2,Όχι,έχει ωραίο lifestyle,yoga
2021/05/05 1:48:02 μ.μ. GMT+3,emrickettz,Γυναίκα,23,4,4,4,1,5,1,2,4,4,1,Ναι,θέλω να ενημερώνομαι και να ακολουθώ το πρόγραμμα γυμναστικής / συμβουλές του,body_building
2021/05/05 1:50:40 μ.μ. GMT+3,faisalpmafitness,Γυναίκα,23,3,3,4,3,4,5,3,4,3,1,Όχι,έχει ωραίο lifestyle,body_building
2021/05/05 1:52:22 μ.μ. GMT+3,fitgurlmel,Γυναίκα,23,3,5,4,2,1,4,3,5,5,3,Ναι,θέλω να ενημερώνομαι και να ακολουθώ το πρόγραμμα γυμναστικής / συμβουλές του;έχει ωραίο σώμα;έχει ωραίο lifestyle,fitness_model
2021/05/05 1:53:52 μ.μ. GMT+3,helms3dmj,Γυναίκα,23,3,5,4,1,1,1,1,5,5,1,Όχι,θέλω να ενημερώνομαι και να ακολουθώ το πρόγραμμα γυμναστικής / συμβουλές του;αναρτά ενδιαφέρον περιεχόμενο,body_building
2021/05/05 1:55:39 μ.μ. GMT+3,jamessmithpt,Γυναίκα,23,1,2,3,3,2,4,3,3,2,1,Όχι,έχει ωραίο lifestyle,body_building
2021/05/05 1:55:58 μ.μ. GMT+3,Diaryofafitmommyofficial,Γυναίκα,24,5,4,5,5,2,1,1,4,3,3,Όχι,θέλω να ενημερώνομαι και να ακολουθώ το πρόγραμμα γυμναστικής / συμβουλές του,body_building
2021/05/05 1:56:44 μ.μ. GMT+3,jennyfrancis23,Γυναίκα,23,5,5,5,1,5,1,2,5,5,3,Ναι,θέλω να ενημερώνομαι και να ακολουθώ το πρόγραμμα γυμναστικής / συμβουλές του;έχει ωραίο σώμα;έχει ωραίο lifestyle;αναρτά ενδιαφέρον περιεχόμενο,body_building
2021/05/05 1:57:03 μ.μ. GMT+3,Direnkartal,Γυναίκα,24,4,4,4,5,3,3,3,4,5,2,Όχι,θέλω να ενημερώνομαι και να ακολουθώ το πρόγραμμα γυμναστικής / συμβουλές του;έχει ωραίο lifestyle,
2021/05/05 1:57:55 μ.μ. GMT+3,katiecrewe,Γυναίκα,23,5,5,5,2,1,2,3,5,5,3,Ναι,θέλω να ενημερώνομαι και να ακολουθώ το πρόγραμμα γυμναστικής / συμβουλές του;έχει ωραίο σώμα;έχει ωραίο lifestyle;αναρτά ενδιαφέρον περιεχόμενο,fitness_model
2021/05/05 1:58:41 μ.μ. GMT+3,Emricketz,Γυναίκα,24,5,4,5,2,1,3,1,4,5,4,Ναι,θέλω να ενημερώνομαι και να ακολουθώ το πρόγραμμα γυμναστικής / συμβουλές του;έχει ωραίο σώμα,
2021/05/05 2:00:14 μ.μ. GMT+3,Faisalpmafitness,Γυναίκα,24,4,4,4,5,3,2,1,4,5,3,Όχι,θέλω να ενημερώνομαι και να ακολουθώ το πρόγραμμα γυμναστικής / συμβουλές του,body_building
2021/05/05 2:01:22 μ.μ. GMT+3,Fitgurlmel,Γυναίκα,24,3,5,4,5,2,3,2,3,5,4,Ναι,θέλω να ενημερώνομαι και να ακολουθώ το πρόγραμμα γυμναστικής / συμβουλές του;έχει ωραίο σώμα,fitness_model
2021/05/05 2:02:32 μ.μ. GMT+3,Helms3dmj,Γυναίκα,24,3,4,3,4,2,4,2,4,5,3,Όχι,θέλω να ενημερώνομαι και να ακολουθώ το πρόγραμμα γυμναστικής / συμβουλές του,body_building
2021/05/05 2:04:14 μ.μ. GMT+3,Jamessmithpt,Γυναίκα,24,5,4,4,4,2,3,2,4,5,4,Όχι,θέλω να ενημερώνομαι και να ακολουθώ το πρόγραμμα γυμναστικής / συμβουλές του;έχει ωραίο σώμα,body_building
2021/05/05 2:05:29 μ.μ. GMT+3,Jenyfransis23,Γυναίκα,24,5,5,5,5,2,2,1,4,5,4,Ναι,θέλω να ενημερώνομαι και να ακολουθώ το πρόγραμμα γυμναστικής / συμβουλές του;έχει ωραίο σώμα,
2021/05/05 2:38:17 μ.μ. GMT+3,theballarina,Γυναίκα,29,5,4,4,4,1,2,2,4,4,4,Ναι,θέλω να ενημερώνομαι και να ακολουθώ το πρόγραμμα γυμναστικής / συμβουλές του,
2021/05/05 2:40:08 μ.μ. GMT+3,diaryofafitmommyofficial ,Γυναίκα,2r,4,4,4,5,2,2,1,3,4,3,Όχι,θέλω να ενημερώνομαι και να ακολουθώ το πρόγραμμα γυμναστικής / συμβουλές του,body_building
2021/05/05 2:42:06 μ.μ. GMT+3,diren.kartal,Γυναίκα,24,2,3,2,5,2,5,3,4,3,2,Όχι,έχει ωραίο lifestyle,yoga
2021/05/05 2:44:00 μ.μ. GMT+3,emrikettz,Γυναίκα,24,4,4,3,4,2,2,1,4,5,3,Ναι,έχει ωραίο σώμα,
2021/05/05 2:46:03 μ.μ. GMT+3,faisalpmafitness ,Γυναίκα,24,4,5,3,5,2,3,2,4,5,3,Όχι,θέλω να ενημερώνομαι και να ακολουθώ το πρόγραμμα γυμναστικής / συμβουλές του,body_building
2021/05/05 2:47:58 μ.μ. GMT+3,fitgurlmel ,Γυναίκα,24,3,4,2,5,2,4,3,4,5,3,Όχι,έχει ωραίο σώμα,fitness_model
2021/05/05 2:49:21 μ.μ. GMT+3,helms3dmj ,Γυναίκα,24,3,4,3,3,4,3,3,4,4,3,Όχι,έχει ωραίο σώμα,body_building
2021/05/05 2:50:54 μ.μ. GMT+3,jamessmithpt ,Γυναίκα,24,3,4,2,5,3,4,2,4,4,3,Όχι,αναρτά ενδιαφέρον περιεχόμενο,body_building
2021/05/05 2:52:37 μ.μ. GMT+3,jennyfrancis23 ,Γυναίκα,24,5,5,5,3,2,2,1,4,5,3,Όχι,θέλω να ενημερώνομαι και να ακολουθώ το πρόγραμμα γυμναστικής / συμβουλές του,body_building
2021/05/05 2:53:49 μ.μ. GMT+3,katiecrewe ,Γυναίκα,24,4,5,3,3,1,4,3,4,5,3,Ναι,θέλω να ενημερώνομαι και να ακολουθώ το πρόγραμμα γυμναστικής / συμβουλές του;έχει ωραίο σώμα,fitness_model
2021/05/05 2:55:15 μ.μ. GMT+3,kayla_itsines,Γυναίκα,24,4,5,4,5,2,2,2,4,4,3,Όχι,έχει ωραίο lifestyle,body_building
2021/05/05 3:23:17 μ.μ. GMT+3,jenselter,Άντρας,28,3,3,2,4,3,4,2,3,3,1,Όχι,θέλω να ενημερώνομαι και να ακολουθώ το πρόγραμμα γυμναστικής / συμβουλές του,fitness_model
2021/05/05 3:25:01 μ.μ. GMT+3,amandaeliselee,Άντρας,28,4,2,2,5,3,5,2,3,2,1,Όχι,αναρτά ενδιαφέρον περιεχόμενο,fitness_model
2021/05/05 3:26:14 μ.μ. GMT+3,anllela_sagra ,Άντρας,28,4,4,3,5,5,4,2,3,4,3,Ναι,αναρτά ενδιαφέρον περιεχόμενο,body_building
2021/05/05 3:27:14 μ.μ. GMT+3,sergiconstance,Άντρας,28,2,2,2,3,2,4,4,3,2,1,Όχι,θέλω να ενημερώνομαι και να ακολουθώ το πρόγραμμα γυμναστικής / συμβουλές του,body_building
2021/05/05 3:28:01 μ.μ. GMT+3,lazar_angelov_official,Άντρας,28,2,4,2,2,5,5,4,5,5,2,Ναι,θέλω να ενημερώνομαι και να ακολουθώ το πρόγραμμα γυμναστικής / συμβουλές του,body_building
2021/05/05 3:28:52 μ.μ. GMT+3,tammyhembrow,Άντρας,28,2,2,2,3,4,3,3,2,2,3,Όχι,θέλω να ενημερώνομαι και να ακολουθώ το πρόγραμμα γυμναστικής / συμβουλές του,fitness_model
2021/05/05 3:29:38 μ.μ. GMT+3,ulissesworld,Άντρας,28,2,3,2,4,3,3,2,4,3,3,Ναι,αναρτά ενδιαφέρον περιεχόμενο,body_building
2021/05/05 3:30:41 μ.μ. GMT+3,flex_lewis,Άντρας,28,1,2,1,3,2,4,3,2,3,3,Όχι,έχει ωραίο lifestyle,body_building
2021/05/05 3:31:34 μ.μ. GMT+3,jeff_seid,Άντρας,28,2,3,4,3,2,4,2,4,4,3,Όχι,έχει ωραίο lifestyle,body_building
2021/05/05 3:33:47 μ.μ. GMT+3,hannahstocking,Άντρας,28,4,4,3,4,4,3,2,4,4,3,Ναι,έχει ωραίο lifestyle,fitness_model
2021/05/05 3:34:56 μ.μ. GMT+3,martynfordofficial,Άντρας,28,3,2,4,2,2,3,3,2,2,1,Όχι,αναρτά ενδιαφέρον περιεχόμενο,body_building
2021/05/05 3:36:38 μ.μ. GMT+3,big_ramy,Άντρας,28,4,4,3,2,3,3,1,2,2,3,Όχι,έχει ωραίο lifestyle,body_building
2021/05/05 3:38:36 μ.μ. GMT+3,simeonpanda,Άντρας,28,1,1,2,2,5,2,3,2,2,2,Όχι,θέλω να ενημερώνομαι και να ακολουθώ το πρόγραμμα γυμναστικής / συμβουλές του,body_building
2021/05/05 3:42:13 μ.μ. GMT+3,iamyanetgarcia,Άντρας,28,3,4,4,5,4,2,1,3,4,2,Ναι,έχει ωραίο lifestyle,fitness_model
2021/05/05 3:44:59 μ.μ. GMT+3,nastya_nass_,Άντρας,28,3,2,4,3,4,3,2,3,2,1,Όχι,έχει ωραίο lifestyle,dance
2021/05/05 3:45:41 μ.μ. GMT+3,schwarzenegger,Άντρας,28,5,2,5,2,4,1,1,4,3,4,Ναι,αναρτά ενδιαφέρον περιεχόμενο,body_building
2021/05/05 4:04:20 μ.μ. GMT+3,naturally.sassy,Γυναίκα,28,5,5,4,3,3,3,2,4,5,3,Ναι,θέλω να ενημερώνομαι και να ακολουθώ το πρόγραμμα γυμναστικής / συμβουλές του;αναρτά ενδιαφέρον περιεχόμενο,dance
2021/05/05 4:10:30 μ.μ. GMT+3,theballerina,Γυναίκα,28,5,5,4,2,4,2,2,4,3,2,Ναι,έχει ωραίο lifestyle;αναρτά ενδιαφέρον περιεχόμενο,dance
2021/05/05 4:11:11 μ.μ. GMT+3,jamessmithpt,Γυναίκα,22,3,4,4,3,2,2,2,4,3,2,Όχι,αναρτά ενδιαφέρον περιεχόμενο,body_building
2021/05/05 4:12:29 μ.μ. GMT+3,jennyfrancis23,Γυναίκα,22,4,4,4,2,5,3,2,4,4,2,Ναι,θέλω να ενημερώνομαι και να ακολουθώ το πρόγραμμα γυμναστικής / συμβουλές του,body_building
2021/05/05 4:15:36 μ.μ. GMT+3,kylehanagami,Γυναίκα,28,4,3,3,4,5,2,2,4,2,2,Όχι,αναρτά ενδιαφέρον περιεχόμενο,dance
2021/05/05 4:15:44 μ.μ. GMT+3,katiecrewe,Γυναίκα,22,5,4,4,4,1,2,2,4,4,3,Ναι,θέλω να ενημερώνομαι και να ακολουθώ το πρόγραμμα γυμναστικής / συμβουλές του,fitness_model
2021/05/05 4:19:31 μ.μ. GMT+3,kayla_itsines,Γυναίκα,22,4,3,4,5,2,3,2,4,5,3,Όχι,θέλω να ενημερώνομαι και να ακολουθώ το πρόγραμμα γυμναστικής / συμβουλές του,body_building
2021/05/05 4:23:05 μ.μ. GMT+3,kesleywells,Γυναίκα,22,3,3,3,4,3,4,3,3,4,1,Όχι,έχει ωραίο σώμα,
2021/05/05 4:25:41 μ.μ. GMT+3,kimfrench87,Γυναίκα,22,2,3,3,2,2,4,3,3,3,2,Όχι,θέλω να ενημερώνομαι και να ακολουθώ το πρόγραμμα γυμναστικής / συμβουλές του,body_building
2021/05/05 4:33:11 μ.μ. GMT+3,kathryn_morgan,Γυναίκα,28,5,3,4,2,3,2,2,5,4,2,Ναι,αναρτά ενδιαφέρον περιεχόμενο,dance
2021/05/05 4:37:36 μ.μ. GMT+3,colleenmwerner,Γυναίκα,28,5,3,4,5,4,1,2,4,2,1,Όχι,αναρτά ενδιαφέρον περιεχόμενο,dance
2021/05/05 4:39:32 μ.μ. GMT+3,jojogomezxo,Γυναίκα,28,3,3,3,1,2,2,2,3,1,1,Όχι,αναρτά ενδιαφέρον περιεχόμενο,dance
2021/05/05 4:43:24 μ.μ. GMT+3,markmeismer,Γυναίκα,28,3,4,3,1,2,2,2,5,5,2,Όχι,θέλω να ενημερώνομαι και να ακολουθώ το πρόγραμμα γυμναστικής / συμβουλές του;αναρτά ενδιαφέρον περιεχόμενο,dance
2021/05/05 4:45:59 μ.μ. GMT+3,amandalacount,Γυναίκα,28,4,3,4,2,2,2,2,4,2,1,Όχι,αναρτά ενδιαφέρον περιεχόμενο,dance
2021/05/05 4:49:00 μ.μ. GMT+3,willdabeast__,Γυναίκα,28,3,2,2,4,5,1,3,3,1,1,Όχι,αναρτά ενδιαφέρον περιεχόμενο,dance
2021/05/05 4:51:08 μ.μ. GMT+3,amymarie,Γυναίκα,28,5,3,4,5,5,2,2,3,2,2,Όχι,αναρτά ενδιαφέρον περιεχόμενο,dance
2021/05/05 4:53:35 μ.μ. GMT+3,ian_eastwood,Γυναίκα,28,4,5,3,2,2,2,2,4,3,1,Όχι,αναρτά ενδιαφέρον περιεχόμενο,dance
2021/05/05 5:08:02 μ.μ. GMT+3,kimschlagfitness,Γυναίκα,22,3,3,3,2,2,1,2,4,3,2,Όχι,αναρτά ενδιαφέρον περιεχόμενο,body_building
2021/05/05 5:10:52 μ.μ. GMT+3,laurabiceps,Γυναίκα,22,3,3,4,4,3,3,2,3,3,1,Όχι,αναρτά ενδιαφέρον περιεχόμενο,body_building
2021/05/05 5:12:43 μ.μ. GMT+3,london_fitness_guy,Γυναίκα,22,5,3,4,4,3,3,2,3,4,2,Όχι,θέλω να ενημερώνομαι και να ακολουθώ το πρόγραμμα γυμναστικής / συμβουλές του,body_building
2021/05/05 5:14:38 μ.μ. GMT+3,marillewellyn,Γυναίκα,22,4,3,3,5,2,4,2,4,4,1,Ναι,έχει ωραίο lifestyle,nutrition
2021/05/05 5:19:40 μ.μ. GMT+3,jadebug98,Γυναίκα,28,3,2,3,3,2,4,3,3,2,1,Όχι,αναρτά ενδιαφέρον περιεχόμενο,dance
2021/05/05 5:23:27 μ.μ. GMT+3,officialdavidhallberg,Γυναίκα,28,4,3,4,1,2,2,2,5,5,2,Ναι,θέλω να ενημερώνομαι και να ακολουθώ το πρόγραμμα γυμναστικής / συμβουλές του;αναρτά ενδιαφέρον περιεχόμενο,dance
2021/05/05 5:27:30 μ.μ. GMT+3,daniil,Γυναίκα,28,4,4,4,1,1,2,2,5,5,2,Ναι,αναρτά ενδιαφέρον περιεχόμενο,dance
2021/05/05 5:32:34 μ.μ. GMT+3,katieboren1,Γυναίκα,28,5,4,4,1,1,2,2,5,5,3,Ναι,θέλω να ενημερώνομαι και να ακολουθώ το πρόγραμμα γυμναστικής / συμβουλές του;έχει ωραίο σώμα;έχει ωραίο lifestyle;αναρτά ενδιαφέρον περιεχόμενο,dance
2021/05/05 5:38:19 μ.μ. GMT+3,dustinpoirier,Άντρας,23,5,5,4,4,2,2,4,5,4,3,Ναι,θέλω να ενημερώνομαι και να ακολουθώ το πρόγραμμα γυμναστικής / συμβουλές του,athlete
2021/05/05 5:39:33 μ.μ. GMT+3,cassiepearlt,Γυναίκα,28,4,4,4,1,2,2,2,4,4,1,Όχι,αναρτά ενδιαφέρον περιεχόμενο,
2021/05/05 5:41:21 μ.μ. GMT+3,ellena_fit,Γυναίκα,23,5,2,3,3,4,4,2,3,2,2,Όχι,έχει ωραίο σώμα,nutrition
2021/05/05 5:42:33 μ.μ. GMT+3,jamesbwhiteside,Γυναίκα,28,4,4,3,3,3,4,2,4,4,1,Όχι,αναρτά ενδιαφέρον περιεχόμενο,dance
2021/05/05 5:59:33 μ.μ. GMT+3,markmeismer,Γυναίκα,29,3,2,3,3,2,3,2,2,2,2,Όχι,αναρτά ενδιαφέρον περιεχόμενο,dance
2021/05/05 6:01:39 μ.μ. GMT+3,Colleenmwerner,Γυναίκα,29,2,2,2,2,2,1,2,2,2,1,Όχι,αναρτά ενδιαφέρον περιεχόμενο,dance
2021/05/05 6:06:11 μ.μ. GMT+3,jjweeks_pilates,Γυναίκα,29,5,5,4,4,1,3,2,5,5,4,Ναι,θέλω να ενημερώνομαι και να ακολουθώ το πρόγραμμα γυμναστικής / συμβουλές του,pilates
2021/05/05 6:10:35 μ.μ. GMT+3,sianmarshallpilates,Γυναίκα,29,4,5,4,4,1,3,1,5,5,4,Ναι,θέλω να ενημερώνομαι και να ακολουθώ το πρόγραμμα γυμναστικής / συμβουλές του,pilates
2021/05/05 6:13:58 μ.μ. GMT+3,pilatesplaceyyc,Γυναίκα,29,5,5,4,4,2,2,2,5,5,4,Ναι,θέλω να ενημερώνομαι και να ακολουθώ το πρόγραμμα γυμναστικής / συμβουλές του,pilates
2021/05/05 6:20:40 μ.μ. GMT+3,Itscaitlinturner,Γυναίκα,29,4,4,3,3,3,2,2,4,4,3,Ναι,θέλω να ενημερώνομαι και να ακολουθώ το πρόγραμμα γυμναστικής / συμβουλές του,yoga
2021/05/05 6:28:39 μ.μ. GMT+3,naturally.sassy,Γυναίκα,29,3,3,3,3,2,2,2,3,3,3,Ναι,θέλω να ενημερώνομαι και να ακολουθώ το πρόγραμμα γυμναστικής / συμβουλές του,dance
2021/05/05 6:30:40 μ.μ. GMT+3,movewithnicole,Γυναίκα,29,4,4,4,2,2,4,3,4,3,2,Όχι,έχει ωραίο σώμα;έχει ωραίο lifestyle,yoga
2021/05/05 6:36:07 μ.μ. GMT+3,junglejohanna,Γυναίκα,29,2,4,3,4,4,5,4,2,1,1,Όχι,έχει ωραίο lifestyle,
2021/05/05 6:37:07 μ.μ. GMT+3,kathryn_morgan,Γυναίκα,29,4,4,4,3,2,2,2,4,4,3,Ναι,θέλω να ενημερώνομαι και να ακολουθώ το πρόγραμμα γυμναστικής / συμβουλές του,dance
2021/05/05 6:40:18 μ.μ. GMT+3,melissawoodhealth,Γυναίκα,29,4,2,4,5,4,3,2,4,4,3,Όχι,θέλω να ενημερώνομαι και να ακολουθώ το πρόγραμμα γυμναστικής / συμβουλές του,yoga
2021/05/05 6:41:34 μ.μ. GMT+3,katieboren1,Γυναίκα,29,5,5,4,2,2,2,2,4,5,4,Ναι,θέλω να ενημερώνομαι και να ακολουθώ το πρόγραμμα γυμναστικής / συμβουλές του,dance
2021/05/05 6:45:03 μ.μ. GMT+3,lamise,Γυναίκα,29,5,5,4,4,2,2,1,4,4,4,Ναι,έχει ωραίο σώμα;έχει ωραίο lifestyle;αναρτά ενδιαφέρον περιεχόμενο,yoga
2021/05/05 6:51:06 μ.μ. GMT+3,cassiepearlt,Γυναίκα,29,4,3,3,4,3,3,2,3,4,3,Ναι,έχει ωραίο σώμα;έχει ωραίο lifestyle,
2021/05/05 10:40:51 μ.μ. GMT+3,kayla_itsines,Γυναίκα,33,5,4,4,4,1,3,1,4,5,3,Ναι,θέλω να ενημερώνομαι και να ακολουθώ το πρόγραμμα γυμναστικής / συμβουλές του,body_building
2021/05/05 10:45:12 μ.μ. GMT+3,katiecrewe,Γυναίκα,33,5,4,5,5,1,5,1,4,4,3,Όχι,θέλω να ενημερώνομαι και να ακολουθώ το πρόγραμμα γυμναστικής / συμβουλές του,fitness_model
2021/05/05 10:48:08 μ.μ. GMT+3,kelseywells,Γυναίκα,33,5,3,3,5,4,4,1,3,5,2,Όχι,θέλω να ενημερώνομαι και να ακολουθώ το πρόγραμμα γυμναστικής / συμβουλές του,body_building
2021/05/05 10:49:50 μ.μ. GMT+3,yoga_girl,Γυναίκα,24,5,5,5,5,3,1,1,3,3,2,Όχι,έχει ωραίο lifestyle,yoga
2021/05/05 10:57:53 μ.μ. GMT+3,kimfrench87,Γυναίκα,33,4,4,3,5,3,5,3,5,5,2,Ναι,θέλω να ενημερώνομαι και να ακολουθώ το πρόγραμμα γυμναστικής / συμβουλές του,body_building
2021/05/05 11:00:21 μ.μ. GMT+3,kimschlagfitness,Γυναίκα,33,5,5,5,2,1,1,1,5,5,4,Ναι,θέλω να ενημερώνομαι και να ακολουθώ το πρόγραμμα γυμναστικής / συμβουλές του;αναρτά ενδιαφέρον περιεχόμενο,body_building
2021/05/05 11:03:34 μ.μ. GMT+3,laurabiceps,Γυναίκα,33,5,5,3,5,5,5,1,3,3,2,Ναι,θέλω να ενημερώνομαι και να ακολουθώ το πρόγραμμα γυμναστικής / συμβουλές του,body_building
2021/05/05 11:39:20 μ.μ. GMT+3,london_fitness_guy,Γυναίκα,33,5,5,5,4,1,2,1,3,5,4,Ναι,θέλω να ενημερώνομαι και να ακολουθώ το πρόγραμμα γυμναστικής / συμβουλές του,body_building
2021/05/05 11:40:58 μ.μ. GMT+3,marillewellyn,Γυναίκα,33,2,3,2,5,5,5,3,2,2,1,Όχι,έχει ωραίο lifestyle,nutrition
2021/05/05 11:42:46 μ.μ. GMT+3,massy.arias,Γυναίκα,33,4,4,3,5,3,3,1,3,5,1,Όχι,έχει ωραίο σώμα,body_building
2021/05/05 11:44:06 μ.μ. GMT+3,max.lowery,Γυναίκα,33,5,5,5,4,1,1,1,5,3,4,Ναι,έχει ωραίο lifestyle;αναρτά ενδιαφέρον περιεχόμενο,body_building
2021/05/06 7:52:13 π.μ. GMT+3,Sian Marshall Pilates,Γυναίκα,29,3,3,3,2,2,2,3,3,3,3,Όχι,Δν θα το ακολουθουσα,pilates
2021/05/06 7:56:38 π.μ. GMT+3,Pilatesplaceyyc,Γυναίκα,29,3,4,3,3,1,3,3,4,4,3,Όχι,Δν θα το ακολουθουσα,pilates
2021/05/06 8:00:14 π.μ. GMT+3,Kathryn Morgan,Γυναίκα,29,3,3,3,3,2,3,3,4,3,3,Όχι,Δεν με αφορά αυτο το περιεχομενο,
2021/05/06 9:08:22 π.μ. GMT+3,jojogomezxo,Γυναίκα,29,2,2,2,3,3,4,3,2,2,2,Όχι,έχει ωραίο lifestyle,dance
2021/05/06 9:13:01 π.μ. GMT+3,colleensaidman,Γυναίκα,29,2,2,2,3,4,3,3,2,2,2,Όχι,έχει ωραίο lifestyle,yoga
2021/05/06 9:16:24 π.μ. GMT+3,  daniil,Γυναίκα,29,2,3,3,3,2,3,2,4,3,3,Όχι,έχει ωραίο lifestyle,dance
2021/05/06 9:21:13 π.μ. GMT+3,Jamesbwhiteside,Γυναίκα,29,3,3,2,2,3,3,2,2,2,2,Όχι,αναρτά ενδιαφέρον περιεχόμενο,dance
2021/05/06 9:32:42 π.μ. GMT+3,Jadebug98,Γυναίκα,29,2,3,2,3,3,4,3,2,2,2,Όχι,έχει ωραίο lifestyle,dance
2021/05/06 9:52:34 π.μ. GMT+3,catmeffan,Γυναίκα,29,3,3,3,3,4,3,3,3,3,2,Ναι,αναρτά ενδιαφέρον περιεχόμενο,yoga
2021/05/06 11:42:47 π.μ. GMT+3,richtidmarsh,Άντρας,24,3,3,2,4,4,4,3,3,3,1,Όχι,αναρτά ενδιαφέρον περιεχόμενο,body_building
2021/05/06 11:44:09 π.μ. GMT+3,rossedgley,Άντρας,24,4,3,4,4,2,2,2,4,4,3,Ναι,έχει ωραίο lifestyle;αναρτά ενδιαφέρον περιεχόμενο,athlete
2021/05/06 11:45:06 π.μ. GMT+3,shona_vertue,Άντρας,24,4,4,4,4,4,2,2,4,4,3,Ναι,θέλω να ενημερώνομαι και να ακολουθώ το πρόγραμμα γυμναστικής / συμβουλές του;έχει ωραίο σώμα;έχει ωραίο lifestyle;αναρτά ενδιαφέρον περιεχόμενο,yoga
2021/05/06 11:46:28 π.μ. GMT+3,susanniebergallfitness,Άντρας,24,1,2,1,2,3,2,4,2,2,2,Όχι,αναρτά ενδιαφέρον περιεχόμενο,body_building
2021/05/06 11:48:03 π.μ. GMT+3,syattfitness,Άντρας,24,4,4,4,3,3,2,3,4,4,2,Όχι,αναρτά ενδιαφέρον περιεχόμενο,nutrition
2021/05/06 11:49:42 π.μ. GMT+3,tallyrye,Άντρας,24,3,2,3,3,4,3,3,2,3,2,Όχι,έχει ωραίο lifestyle,nutrition
2021/05/06 11:53:13 π.μ. GMT+3,thedailykelsey,Άντρας,24,5,4,4,4,3,3,3,4,4,3,Ναι,έχει ωραίο σώμα,body_building
2021/05/06 11:53:59 π.μ. GMT+3,thesamplan,Άντρας,24,3,3,3,3,3,3,3,3,3,3,Όχι,θέλω να ενημερώνομαι και να ακολουθώ το πρόγραμμα γυμναστικής / συμβουλές του,nutrition
2021/05/06 11:55:50 π.μ. GMT+3,trapyogabae,Άντρας,24,3,3,2,5,4,5,3,2,4,2,Ναι,θέλω να ενημερώνομαι και να ακολουθώ το πρόγραμμα γυμναστικής / συμβουλές του,yoga
2021/05/06 11:57:23 π.μ. GMT+3,wellness_ed,Άντρας,24,4,4,3,4,3,3,3,4,4,2,Ναι,θέλω να ενημερώνομαι και να ακολουθώ το πρόγραμμα γυμναστικής / συμβουλές του,fitness_model
2021/05/06 3:15:46 μ.μ. GMT+3,andreitalevin,Γυναίκα,29,5,5,5,4,2,3,2,5,5,4,Ναι,θέλω να ενημερώνομαι και να ακολουθώ το πρόγραμμα γυμναστικής / συμβουλές του,yoga
2021/05/06 3:28:41 μ.μ. GMT+3,bohobeautifullife,Γυναίκα,29,3,4,3,4,4,3,2,3,3,2,Ναι,αναρτά ενδιαφέρον περιεχόμενο,yoga
2021/05/06 3:39:55 μ.μ. GMT+3,dade2shelby,Γυναίκα,29,2,2,2,2,4,3,3,2,2,2,Όχι,αναρτά ενδιαφέρον περιεχόμενο,yoga
2021/05/06 8:11:33 μ.μ. GMT+3,pmacfitness,Άντρας,27,4,3,4,3,4,3,2,4,3,2,Ναι,θέλω να ενημερώνομαι και να ακολουθώ το πρόγραμμα γυμναστικής / συμβουλές του,nutrition
2021/05/06 8:12:45 μ.μ. GMT+3,michelle_lewin,Άντρας,27,5,3,3,4,3,4,2,4,4,2,Ναι,θέλω να ενημερώνομαι και να ακολουθώ το πρόγραμμα γυμναστικής / συμβουλές του;έχει ωραίο σώμα;έχει ωραίο lifestyle,body_building
2021/05/06 8:13:44 μ.μ. GMT+3,ryan_spiteri,Άντρας,27,3,2,4,2,2,3,2,4,4,1,Όχι,θέλω να ενημερώνομαι και να ακολουθώ το πρόγραμμα γυμναστικής / συμβουλές του,body_building
2021/05/06 8:14:39 μ.μ. GMT+3,ainsley,Άντρας,27,4,2,3,4,3,5,2,3,2,1,Όχι,έχει ωραίο σώμα,nutrition
2021/05/06 8:24:21 μ.μ. GMT+3,kaigreene,Γυναίκα,25,3,1,3,4,1,3,3,3,1,1,Όχι,:/ 🤢🤮,body_building
2021/05/06 8:51:58 μ.μ. GMT+3,movewithnicole,Άντρας,27,4,2,3,3,1,5,2,2,2,1,Όχι,έχει ωραίο σώμα,yoga
2021/05/06 8:52:03 μ.μ. GMT+3,jadebug98,Γυναίκα,24,3,4,4,3,3,3,2,3,4,2,Όχι,έχει ωραίο σώμα;αναρτά ενδιαφέρον περιεχόμενο,dance
2021/05/06 8:52:53 μ.μ. GMT+3,junglejohanna,Άντρας,27,2,2,3,3,4,5,3,2,1,1,Όχι,έχει ωραίο σώμα,
2021/05/06 8:53:43 μ.μ. GMT+3,melissawoodhealth,Άντρας,27,4,3,4,4,4,3,2,3,3,2,Όχι,έχει ωραίο lifestyle;αναρτά ενδιαφέρον περιεχόμενο,yoga
2021/05/06 8:54:11 μ.μ. GMT+3,ian_eastwood,Γυναίκα,24,4,4,3,2,1,1,2,3,4,2,Όχι,αναρτά ενδιαφέρον περιεχόμενο,dance
2021/05/06 8:54:49 μ.μ. GMT+3,dylanwerneryoga,Άντρας,27,4,4,4,3,2,2,2,4,4,2,Ναι,θέλω να ενημερώνομαι και να ακολουθώ το πρόγραμμα γυμναστικής / συμβουλές του;έχει ωραίο lifestyle,yoga
2021/05/06 8:55:13 μ.μ. GMT+3,lisahubbardpilates,Γυναίκα,24,3,3,4,2,2,2,2,4,4,2,Ναι,θέλω να ενημερώνομαι και να ακολουθώ το πρόγραμμα γυμναστικής / συμβουλές του,pilates
2021/05/06 8:55:36 μ.μ. GMT+3,ashleygalvinyoga,Άντρας,27,3,2,3,4,3,5,2,2,2,1,Όχι,έχει ωραίο σώμα,yoga
2021/05/06 8:56:12 μ.μ. GMT+3,fluidformpilates,Γυναίκα,24,4,4,4,4,1,1,1,4,4,3,Ναι,θέλω να ενημερώνομαι και να ακολουθώ το πρόγραμμα γυμναστικής / συμβουλές του;έχει ωραίο σώμα,pilates
2021/05/06 8:57:11 μ.μ. GMT+3,jennyredfordpilates,Γυναίκα,24,4,3,4,4,1,1,1,3,3,2,Όχι,θέλω να ενημερώνομαι και να ακολουθώ το πρόγραμμα γυμναστικής / συμβουλές του,pilates
2021/05/06 8:58:37 μ.μ. GMT+3,wundabarpilates,Γυναίκα,24,3,3,3,3,2,2,2,4,4,2,Ναι,θέλω να ενημερώνομαι και να ακολουθώ το πρόγραμμα γυμναστικής / συμβουλές του;αναρτά ενδιαφέρον περιεχόμενο,pilates
2021/05/06 9:07:18 μ.μ. GMT+3,amandaeliselee,Γυναίκα,28,2,1,3,5,3,5,3,2,2,1,Όχι,οχι οχι,fitness_model
2021/05/06 9:08:55 μ.μ. GMT+3,sommerray,Γυναίκα,28,3,1,3,5,3,5,2,1,1,1,Όχι,έχει ωραίο σώμα,fitness_model
2021/05/06 9:09:30 μ.μ. GMT+3,yarishna,Γυναίκα,24,3,3,2,2,2,4,3,3,2,2,Όχι,"για να βλεπω πως ΔΕΝ θα ηθελα να γινω, σε καμια περιπτωση",body_building
2021/05/06 9:10:01 μ.μ. GMT+3,sergiconstance,Γυναίκα,28,1,3,2,2,4,5,4,2,1,1,Όχι,οχι οχι,body_building
2021/05/06 9:11:08 μ.μ. GMT+3,flex_lewis,Γυναίκα,28,3,1,3,4,5,2,2,2,1,1,Όχι,οχι οχι,body_building
2021/05/06 9:12:15 μ.μ. GMT+3,eva_andressa,Γυναίκα,28,1,1,2,4,3,5,3,3,1,1,Όχι,οχι οχι,body_building
2021/05/06 9:12:35 μ.μ. GMT+3,jenselter,Γυναίκα,24,3,3,3,2,2,4,2,4,4,3,Ναι,θέλω να ενημερώνομαι και να ακολουθώ το πρόγραμμα γυμναστικής / συμβουλές του;έχει ωραίο σώμα;αναρτά ενδιαφέρον περιεχόμενο,fitness_model
2021/05/06 9:15:23 μ.μ. GMT+3,nastya_nass_,Γυναίκα,24,2,3,3,3,2,5,2,2,2,1,Όχι,έχει ωραίο σώμα,dance
2021/05/06 9:15:43 μ.μ. GMT+3,hannaoeberg,Γυναίκα,28,4,3,4,3,4,3,2,4,3,1,Όχι,θέλω να ενημερώνομαι και να ακολουθώ το πρόγραμμα γυμναστικής / συμβουλές του,fitness_model
2021/05/06 9:16:40 μ.μ. GMT+3,iamyanetgarcia,Γυναίκα,24,3,3,3,4,3,4,2,3,3,3,Όχι,έχει ωραίο σώμα,fitness_model
2021/05/06 9:16:57 μ.μ. GMT+3,hannahstocking,Γυναίκα,28,3,1,2,5,5,5,3,1,1,1,Όχι,έχει ωραίο σώμα,fitness_model
2021/05/06 9:18:25 μ.μ. GMT+3,bradleymartyn,Γυναίκα,28,4,1,3,2,2,2,2,4,3,1,Όχι,θέλω να ενημερώνομαι και να ακολουθώ το πρόγραμμα γυμναστικής / συμβουλές του,body_building
2021/05/06 9:20:14 μ.μ. GMT+3,casssmartin,Γυναίκα,24,4,3,3,2,2,3,2,3,3,3,Όχι,έχει ωραίο σώμα,fitness_model
2021/05/06 9:23:22 μ.μ. GMT+3,anllela_sagra,Γυναίκα,24,2,3,2,4,2,4,2,2,2,2,Όχι,αναρτά ενδιαφέρον περιεχόμενο,body_building
2021/05/06 9:24:37 μ.μ. GMT+3,lazar_angelov_official,Γυναίκα,24,2,2,2,4,3,4,4,3,2,1,Όχι,έχει ωραίο lifestyle,body_building
2021/05/06 9:25:39 μ.μ. GMT+3,juditmoreno22,Γυναίκα,24,3,2,3,3,2,4,2,3,2,2,Όχι,έχει ωραίο σώμα,fitness_model
2021/05/06 9:25:47 μ.μ. GMT+3,sophiebrace_fit,Γυναίκα,28,4,3,4,2,2,2,2,5,4,2,Όχι,θέλω να ενημερώνομαι και να ακολουθώ το πρόγραμμα γυμναστικής / συμβουλές του;αναρτά ενδιαφέρον περιεχόμενο,fitness_model
2021/05/06 9:28:41 μ.μ. GMT+3,c.t.ali.fletcher,Γυναίκα,28,4,1,3,3,5,2,3,2,1,1,Όχι,οχι οχι,body_building
2021/05/06 9:34:14 μ.μ. GMT+3,kathryn_morgan,Γυναίκα,24,4,4,4,2,2,2,2,3,3,2,Όχι,θέλω να ενημερώνομαι και να ακολουθώ το πρόγραμμα γυμναστικής / συμβουλές του;αναρτά ενδιαφέρον περιεχόμενο,dance
2021/05/06 9:34:38 μ.μ. GMT+3,pilatesplaceyyc,Άντρας,27,4,2,4,1,1,2,1,4,4,2,Ναι,θέλω να ενημερώνομαι και να ακολουθώ το πρόγραμμα γυμναστικής / συμβουλές του,pilates
2021/05/06 10:37:14 μ.μ. GMT+3,thebodycoach,Άντρας,28,4,4,5,2,5,1,1,5,5,2,Ναι,θέλω να ενημερώνομαι και να ακολουθώ το πρόγραμμα γυμναστικής / συμβουλές του,nutrition
2021/05/06 10:39:21 μ.μ. GMT+3,ellena_fit,Άντρας,28,4,4,3,4,4,4,1,4,5,1,Όχι,έχει ωραίο σώμα,nutrition
2021/05/06 10:41:08 μ.μ. GMT+3,alexandrashappybody,Άντρας,28,2,3,3,1,5,1,1,5,4,1,Όχι,θέλω να ενημερώνομαι και να ακολουθώ το πρόγραμμα γυμναστικής / συμβουλές του,nutrition
2021/05/06 11:14:08 μ.μ. GMT+3,cartergood,Άντρας,24,3,4,4,2,1,1,4,5,5,3,Όχι,αναρτά ενδιαφέρον περιεχόμενο,nutrition
2021/05/06 11:26:32 μ.μ. GMT+3,fitgurlmel,Άντρας,24,3,3,3,4,3,4,2,3,2,1,Όχι,έχει ωραίο σώμα,fitness_model
2021/05/06 11:33:09 μ.μ. GMT+3,helms3dmj,Άντρας,24,3,5,4,2,1,1,2,5,4,4,Ναι,Profesional Researcher in the field of fitness,body_building
2021/05/06 11:36:23 μ.μ. GMT+3,jamessmithpt,Άντρας,24,4,3,3,3,4,3,2,4,4,2,Όχι,έχει ωραίο σώμα,body_building
2021/05/06 11:40:44 μ.μ. GMT+3,jennyfrancis23,Άντρας,23,3,3,4,2,1,2,2,4,3,2,Ναι,θέλω να ενημερώνομαι και να ακολουθώ το πρόγραμμα γυμναστικής / συμβουλές του;αναρτά ενδιαφέρον περιεχόμενο,body_building
2021/05/06 11:43:16 μ.μ. GMT+3,katiecrewe,Άντρας,23,4,2,4,2,4,2,2,4,4,2,Ναι,θέλω να ενημερώνομαι και να ακολουθώ το πρόγραμμα γυμναστικής / συμβουλές του;αναρτά ενδιαφέρον περιεχόμενο,fitness_model
2021/05/06 11:45:14 μ.μ. GMT+3,kayla_itsines,Άντρας,23,4,3,4,3,4,2,1,4,3,2,Όχι,αναρτά ενδιαφέρον περιεχόμενο,body_building
2021/05/06 11:49:01 μ.μ. GMT+3,kelseywells,Άντρας,24,4,3,4,3,1,3,2,4,3,3,Ναι,έχει ωραίο σώμα;έχει ωραίο lifestyle,body_building
2021/05/06 11:51:00 μ.μ. GMT+3,kimfrench87,Άντρας,23,3,3,4,2,2,3,1,4,3,3,Ναι,θέλω να ενημερώνομαι και να ακολουθώ το πρόγραμμα γυμναστικής / συμβουλές του,body_building
2021/05/06 11:54:10 μ.μ. GMT+3,kimschlagfitness,Άντρας,23,4,4,4,2,1,1,1,3,3,4,Όχι,αναρτά ενδιαφέρον περιεχόμενο,body_building
2021/05/06 11:56:12 μ.μ. GMT+3,rahkigiovanni ,Γυναίκα,23,3,2,1,2,1,5,3,3,2,1,Όχι,θέλω να ενημερώνομαι και να ακολουθώ το πρόγραμμα γυμναστικής / συμβουλές του,fitness_model
2021/05/06 11:58:35 μ.μ. GMT+3,laurabiceps,Άντρας,24,4,3,3,2,2,3,4,5,5,3,Ναι,αναρτά ενδιαφέρον περιεχόμενο,body_building
2021/05/06 11:58:42 μ.μ. GMT+3,richtidmarsh,Γυναίκα,23,4,4,4,5,4,3,2,4,4,2,Όχι,έχει ωραίο lifestyle,body_building
2021/05/07 12:00:51 π.μ. GMT+3,rossedgley,Γυναίκα,23,5,5,3,4,3,4,3,3,3,3,Ναι,έχει ωραίο lifestyle,athlete
2021/05/07 12:02:39 π.μ. GMT+3,shona_vertue,Γυναίκα,23,4,4,5,3,4,2,2,4,4,2,Ναι,θέλω να ενημερώνομαι και να ακολουθώ το πρόγραμμα γυμναστικής / συμβουλές του;έχει ωραίο σώμα,yoga
2021/05/07 12:04:14 π.μ. GMT+3,susanniebergallfitness ,Γυναίκα,23,3,4,4,1,1,1,2,5,5,2,Ναι,θέλω να ενημερώνομαι και να ακολουθώ το πρόγραμμα γυμναστικής / συμβουλές του,body_building
2021/05/07 12:05:45 π.μ. GMT+3,syattfitness ,Γυναίκα,23,4,3,3,2,2,2,2,4,4,2,Όχι,θέλω να ενημερώνομαι και να ακολουθώ το πρόγραμμα γυμναστικής / συμβουλές του,nutrition
2021/05/07 12:07:20 π.μ. GMT+3,tallyrye ,Γυναίκα,23,3,4,4,4,2,3,2,4,4,3,Ναι,αναρτά ενδιαφέρον περιεχόμενο,nutrition
2021/05/07 12:08:57 π.μ. GMT+3,thedailykelsey ,Γυναίκα,23,5,4,4,2,2,4,2,5,5,2,Ναι,θέλω να ενημερώνομαι και να ακολουθώ το πρόγραμμα γυμναστικής / συμβουλές του;αναρτά ενδιαφέρον περιεχόμενο,body_building
2021/05/07 12:10:24 π.μ. GMT+3,thesamplan ,Γυναίκα,23,5,5,4,4,2,3,2,4,5,2,Όχι,θέλω να ενημερώνομαι και να ακολουθώ το πρόγραμμα γυμναστικής / συμβουλές του,nutrition
2021/05/07 12:11:54 π.μ. GMT+3,trapyogabae ,Γυναίκα,23,4,4,4,2,2,2,2,4,5,3,Ναι,θέλω να ενημερώνομαι και να ακολουθώ το πρόγραμμα γυμναστικής / συμβουλές του;αναρτά ενδιαφέρον περιεχόμενο,yoga
2021/05/07 12:32:24 π.μ. GMT+3,Rahki Giovanni,Γυναίκα,23,2,4,2,5,3,5,5,3,3,2,Όχι,θέλω να ενημερώνομαι και να ακολουθώ το πρόγραμμα γυμναστικής / συμβουλές του,fitness_model
2021/05/07 12:35:59 π.μ. GMT+3,Richtid Marsh,Γυναίκα,23,1,4,1,5,2,5,5,4,1,1,Όχι,θέλω να ενημερώνομαι και να ακολουθώ το πρόγραμμα γυμναστικής / συμβουλές του,body_building
2021/05/07 12:38:23 π.μ. GMT+3,Ross edgley,Άντρας,23,1,3,1,5,4,5,5,1,3,1,Όχι,θέλω να ενημερώνομαι και να ακολουθώ το πρόγραμμα γυμναστικής / συμβουλές του,athlete
2021/05/07 12:40:25 π.μ. GMT+3,Shona vertue,Άντρας,23,5,5,5,5,1,2,1,5,5,5,Ναι,θέλω να ενημερώνομαι και να ακολουθώ το πρόγραμμα γυμναστικής / συμβουλές του,
2021/05/07 12:42:27 π.μ. GMT+3,Susanniebergalfitness,Άντρας,23,5,5,5,1,1,1,5,5,5,5,Ναι,θέλω να ενημερώνομαι και να ακολουθώ το πρόγραμμα γυμναστικής / συμβουλές του;αναρτά ενδιαφέρον περιεχόμενο,
2021/05/07 12:44:20 π.μ. GMT+3,Syattfitness,Άντρας,23,1,1,1,5,5,5,5,1,1,1,Όχι,θέλω να ενημερώνομαι και να ακολουθώ το πρόγραμμα γυμναστικής / συμβουλές του,nutrition
2021/05/07 12:46:38 π.μ. GMT+3,Tallytye,Άντρας,23,5,5,5,1,1,1,1,5,5,5,Ναι,θέλω να ενημερώνομαι και να ακολουθώ το πρόγραμμα γυμναστικής / συμβουλές του,
2021/05/07 12:48:36 π.μ. GMT+3,The daily Kelsey,Άντρας,23,4,4,3,5,4,5,3,3,3,1,Όχι,θέλω να ενημερώνομαι και να ακολουθώ το πρόγραμμα γυμναστικής / συμβουλές του,body_building
2021/05/07 12:50:05 π.μ. GMT+3,Thesamplan,Άντρας,23,4,5,4,5,3,4,3,3,2,2,Ναι,θέλω να ενημερώνομαι και να ακολουθώ το πρόγραμμα γυμναστικής / συμβουλές του,nutrition
2021/05/07 12:52:27 π.μ. GMT+3,Trapyogabae,Άντρας,23,2,2,2,5,5,4,5,1,2,1,Όχι,θέλω να ενημερώνομαι και να ακολουθώ το πρόγραμμα γυμναστικής / συμβουλές του,yoga
2021/05/07 5:08:32 π.μ. GMT+3,lucymountain,Άντρας,28,3,5,3,3,5,4,3,5,5,2,Όχι,έχει ωραίο σώμα;έχει ωραίο lifestyle;αναρτά ενδιαφέρον περιεχόμενο,nutrition
2021/05/07 5:10:47 π.μ. GMT+3,soheefit,Άντρας,28,4,4,4,5,3,4,3,3,4,1,Όχι,έχει ωραίο σώμα,nutrition
2021/05/07 5:12:30 π.μ. GMT+3,bdccarpenter,Άντρας,28,3,4,3,3,4,4,3,4,4,2,Ναι,θέλω να ενημερώνομαι και να ακολουθώ το πρόγραμμα γυμναστικής / συμβουλές του,nutrition
2021/05/07 5:14:33 π.μ. GMT+3,laurendrainfit,Άντρας,28,1,2,2,5,1,5,3,2,2,1,Όχι,έχει ωραίο lifestyle,body_building
2021/05/07 5:16:22 π.μ. GMT+3,yoga_girl,Άντρας,28,5,2,5,4,3,3,1,3,3,4,Ναι,έχει ωραίο σώμα;έχει ωραίο lifestyle,yoga
2021/05/07 5:17:41 π.μ. GMT+3,joeyswoll,Άντρας,28,2,2,2,4,4,5,4,3,2,1,Όχι,έχει ωραίο lifestyle,body_building
2021/05/07 5:19:10 π.μ. GMT+3,brittnebabe,Άντρας,28,3,2,2,4,3,4,3,2,2,1,Όχι,έχει ωραίο lifestyle,body_building
2021/05/07 5:20:45 π.μ. GMT+3,dustinpoirier,Άντρας,28,4,2,2,3,4,4,4,3,3,1,Όχι,έχει ωραίο σώμα,athlete
2021/05/07 9:32:39 π.μ. GMT+3,movewithnicole,Γυναίκα,29,5,5,4,3,2,3,2,4,5,4,Ναι,θέλω να ενημερώνομαι και να ακολουθώ το πρόγραμμα γυμναστικής / συμβουλές του,yoga
2021/05/07 9:36:12 π.μ. GMT+3,Junglejohanna,Γυναίκα,29,2,2,2,3,4,4,3,2,2,2,Όχι,έχει ωραίο lifestyle,
2021/05/07 9:46:12 π.μ. GMT+3,melissawoodhealth,Γυναίκα,29,3,3,3,4,4,4,3,3,3,3,Ναι,έχει ωραίο lifestyle,yoga
2021/05/07 9:49:46 π.μ. GMT+3,lisahubbardpilates,Γυναίκα,29,4,4,4,3,5,3,3,5,4,3,Ναι,θέλω να ενημερώνομαι και να ακολουθώ το πρόγραμμα γυμναστικής / συμβουλές του,pilates
2021/05/07 10:41:46 π.μ. GMT+3,lamise,Γυναίκα,29,4,5,4,3,2,2,2,5,5,4,Ναι,θέλω να ενημερώνομαι και να ακολουθώ το πρόγραμμα γυμναστικής / συμβουλές του,yoga
2021/05/07 10:44:53 π.μ. GMT+3,joshkrameryoga,Γυναίκα,29,4,4,4,3,2,3,2,5,4,3,Ναι,θέλω να ενημερώνομαι και να ακολουθώ το πρόγραμμα γυμναστικής / συμβουλές του,yoga
2021/05/07 10:53:47 π.μ. GMT+3,chelseasyoga,Γυναίκα,29,5,5,5,3,2,3,2,5,5,4,Ναι,θέλω να ενημερώνομαι και να ακολουθώ το πρόγραμμα γυμναστικής / συμβουλές του,yoga
2021/05/07 10:56:42 π.μ. GMT+3,sylviaroberts_pilates,Γυναίκα,29,5,5,5,4,2,3,2,5,5,4,Ναι,θέλω να ενημερώνομαι και να ακολουθώ το πρόγραμμα γυμναστικής / συμβουλές του,pilates
2021/05/07 11:03:05 π.μ. GMT+3,blogilates,Γυναίκα,29,3,2,2,2,4,4,3,2,2,2,Όχι,αναρτά ενδιαφέρον περιεχόμενο,pilates
2021/05/07 11:04:11 π.μ. GMT+3,marillewellyn,Άντρας,24,5,5,5,5,2,1,1,5,3,2,Όχι,έχει ωραίο σώμα,nutrition
2021/05/07 11:06:01 π.μ. GMT+3,massy.arias,Άντρας,24,4,4,4,5,3,3,1,5,3,1,Όχι,έχει ωραίο σώμα,body_building
2021/05/07 11:07:37 π.μ. GMT+3,max.lowery,Άντρας,24,5,5,5,5,1,1,1,5,5,3,Ναι,αναρτά ενδιαφέρον περιεχόμενο,body_building
2021/05/07 11:09:37 π.μ. GMT+3,mistyonpointe,Άντρας,24,3,5,5,5,2,3,3,5,3,3,Όχι,έχει ωραίο σώμα,dance
2021/05/07 11:11:30 π.μ. GMT+3,nez__healthhub,Άντρας,24,5,5,5,5,1,1,2,5,3,3,Ναι,αναρτά ενδιαφέρον περιεχόμενο,nutrition
2021/05/07 11:13:25 π.μ. GMT+3,nuttyfoodiefitness,Άντρας,24,1,4,2,5,1,5,5,3,2,1,Όχι,έχει ωραίο σώμα,body_building
2021/05/07 11:16:30 π.μ. GMT+3,rahkigiovanni,Άντρας,24,1,1,1,5,5,5,5,1,1,1,Όχι,.,fitness_model
2021/05/07 11:18:07 π.μ. GMT+3,richtidmarsh,Άντρας,24,3,3,3,5,5,4,2,3,4,1,Όχι,αναρτά ενδιαφέρον περιεχόμενο,body_building
2021/05/07 11:19:12 π.μ. GMT+3,rossedgley,Άντρας,24,1,4,1,5,5,5,5,3,2,2,Όχι,.,athlete
2021/05/07 11:20:13 π.μ. GMT+3,shona_vertue,Άντρας,24,5,5,5,5,1,1,1,5,5,5,Ναι,έχει ωραίο σώμα,yoga
2021/05/07 2:15:47 μ.μ. GMT+3,kerispilatesroom,Γυναίκα,29,4,4,3,4,3,4,3,4,4,3,Ναι,αναρτά ενδιαφέρον περιεχόμενο,pilates
2021/05/07 2:21:33 μ.μ. GMT+3,willdabeast_,Γυναίκα,29,2,2,3,2,4,3,3,2,2,2,Όχι,αναρτά ενδιαφέρον περιεχόμενο,
2021/05/07 2:22:02 μ.μ. GMT+3,cassiepearlt,Γυναίκα,33,4,4,4,4,1,3,1,4,4,3,Ναι,αναρτά ενδιαφέρον περιεχόμενο,
2021/05/07 2:26:10 μ.μ. GMT+3,amymarie,Γυναίκα,29,3,3,3,3,4,3,3,3,3,2,Όχι,αναρτά ενδιαφέρον περιεχόμενο,dance
2021/05/07 2:48:15 μ.μ. GMT+3,katieboren1,Γυναίκα,29,4,4,4,3,2,3,2,4,4,3,Ναι,θέλω να ενημερώνομαι και να ακολουθώ το πρόγραμμα γυμναστικής / συμβουλές του,dance
2021/05/07 2:51:26 μ.μ. GMT+3,Cassiepearlt,Γυναίκα,29,4,4,3,3,3,3,3,3,3,3,Ναι,αναρτά ενδιαφέρον περιεχόμενο,
2021/05/07 2:55:30 μ.μ. GMT+3,nuttyfoodiefitness,Γυναίκα,22,5,2,4,2,3,4,3,4,3,2,Όχι,θέλω να ενημερώνομαι και να ακολουθώ το πρόγραμμα γυμναστικής / συμβουλές του,body_building
2021/05/07 2:57:41 μ.μ. GMT+3,rahkigiovanni,Γυναίκα,22,1,1,1,2,4,5,4,1,1,1,Όχι,αναρτά ενδιαφέρον περιεχόμενο,fitness_model
2021/05/07 2:59:11 μ.μ. GMT+3,richtidmarsh,Γυναίκα,22,5,4,5,3,1,2,2,5,5,5,Ναι,θέλω να ενημερώνομαι και να ακολουθώ το πρόγραμμα γυμναστικής / συμβουλές του;έχει ωραίο σώμα;έχει ωραίο lifestyle,body_building
2021/05/07 3:00:44 μ.μ. GMT+3,rossedgley,Γυναίκα,22,4,3,3,5,3,4,3,4,4,4,Ναι,θέλω να ενημερώνομαι και να ακολουθώ το πρόγραμμα γυμναστικής / συμβουλές του;έχει ωραίο σώμα;έχει ωραίο lifestyle,athlete
2021/05/07 3:02:01 μ.μ. GMT+3,shona_vertue,Γυναίκα,22,5,3,4,2,3,1,1,4,4,4,Ναι,θέλω να ενημερώνομαι και να ακολουθώ το πρόγραμμα γυμναστικής / συμβουλές του;έχει ωραίο σώμα,yoga
2021/05/07 3:03:16 μ.μ. GMT+3,susanniebergallfitness,Γυναίκα,22,4,3,4,1,3,1,2,4,4,4,Ναι,θέλω να ενημερώνομαι και να ακολουθώ το πρόγραμμα γυμναστικής / συμβουλές του,body_building
2021/05/07 3:04:50 μ.μ. GMT+3,syattfitness,Γυναίκα,22,4,3,4,2,3,2,2,4,4,3,Ναι,αναρτά ενδιαφέρον περιεχόμενο,nutrition
2021/05/07 3:06:11 μ.μ. GMT+3,tallyrye,Γυναίκα,22,5,4,4,4,2,2,2,3,4,2,Όχι,αναρτά ενδιαφέρον περιεχόμενο,nutrition
2021/05/07 3:07:21 μ.μ. GMT+3,thedailykelsey,Γυναίκα,22,5,4,4,4,1,1,1,5,5,4,Ναι,θέλω να ενημερώνομαι και να ακολουθώ το πρόγραμμα γυμναστικής / συμβουλές του;έχει ωραίο σώμα;έχει ωραίο lifestyle,body_building
2021/05/07 3:08:37 μ.μ. GMT+3,thesamplan,Γυναίκα,22,5,3,4,3,3,2,2,3,3,2,Όχι,έχει ωραίο lifestyle;αναρτά ενδιαφέρον περιεχόμενο,nutrition
2021/05/07 7:34:52 μ.μ. GMT+3,london_fitness_guy,Άντρας,24,4,3,4,4,2,4,3,4,3,2,Ναι,θέλω να ενημερώνομαι και να ακολουθώ το πρόγραμμα γυμναστικής / συμβουλές του,body_building
2021/05/07 7:44:43 μ.μ. GMT+3,amandalacount,Γυναίκα,26,4,1,2,3,3,3,2,3,1,1,Όχι,αναρτά ενδιαφέρον περιεχόμενο,dance
2021/05/07 7:46:50 μ.μ. GMT+3,amandalacount,Γυναίκα,26,4,2,4,5,4,3,2,3,2,1,Όχι,αναρτά ενδιαφέρον περιεχόμενο,dance
2021/05/07 7:49:47 μ.μ. GMT+3,anacheri,Άντρας,23,5,3,3,5,3,4,4,3,3,3,Ναι,έχει ωραίο σώμα,fitness_model
2021/05/07 7:56:33 μ.μ. GMT+3,marillewellyn,Άντρας,23,4,2,3,5,4,4,2,2,2,4,Ναι,έχει ωραίο σώμα;έχει ωραίο lifestyle,nutrition
2021/05/07 7:56:48 μ.μ. GMT+3,shona_vertue,Άντρας,23,3,3,5,1,2,3,5,4,5,2,Όχι,θέλω να ενημερώνομαι και να ακολουθώ το πρόγραμμα γυμναστικής / συμβουλές του,yoga
2021/05/07 8:03:53 μ.μ. GMT+3,rossedgley,Άντρας,23,2,2,1,4,3,4,5,3,5,1,Ναι,έχει ωραίο lifestyle,athlete
2021/05/07 8:04:12 μ.μ. GMT+3,massy.arias,Άντρας,24,4,4,4,2,2,2,3,4,5,1,Ναι,θέλω να ενημερώνομαι και να ακολουθώ το πρόγραμμα γυμναστικής / συμβουλές του,body_building
2021/05/07 8:10:25 μ.μ. GMT+3,susanniebergallfitness,Άντρας,24,2,3,3,5,2,3,3,2,1,4,Όχι,αναρτά ενδιαφέρον περιεχόμενο,body_building
2021/05/07 8:10:33 μ.μ. GMT+3,max.lowery,Άντρας,24,4,5,5,2,1,4,2,5,4,3,Ναι,θέλω να ενημερώνομαι και να ακολουθώ το πρόγραμμα γυμναστικής / συμβουλές του,body_building
2021/05/07 8:14:19 μ.μ. GMT+3,mistyonpointe,Άντρας;Γυναίκα,23,4,3,4,4,4,3,1,4,3,4,Όχι,έχει ωραίο σώμα,dance
2021/05/07 8:15:32 μ.μ. GMT+3,syattfitness,Άντρας,23,3,3,1,4,3,4,3,4,3,2,Όχι,έχει ωραίο lifestyle,nutrition
2021/05/07 8:21:18 μ.μ. GMT+3,nez__healthhub,Άντρας,24,4,4,4,3,2,1,5,5,1,4,Ναι,θέλω να ενημερώνομαι και να ακολουθώ το πρόγραμμα γυμναστικής / συμβουλές του,nutrition
2021/05/07 8:22:53 μ.μ. GMT+3,tallyrye,Άντρας,24,5,3,3,3,4,1,4,2,5,1,Όχι,θέλω να ενημερώνομαι και να ακολουθώ το πρόγραμμα γυμναστικής / συμβουλές του,nutrition
2021/05/07 8:28:21 μ.μ. GMT+3,nuttyfoodiefitness,Άντρας;Γυναίκα,24,4,4,2,5,2,3,3,5,2,4,Ναι,θέλω να ενημερώνομαι και να ακολουθώ το πρόγραμμα γυμναστικής / συμβουλές του;έχει ωραίο σώμα,body_building
2021/05/07 8:38:59 μ.μ. GMT+3,tallyrye,Άντρας,25,5,4,5,5,2,2,1,4,4,2,Ναι,αναρτά ενδιαφέρον περιεχόμενο,nutrition
2021/05/07 8:41:51 μ.μ. GMT+3,rahkigiovanni,Άντρας,24,4,3,4,5,2,4,4,4,2,3,Όχι,θέλω να ενημερώνομαι και να ακολουθώ το πρόγραμμα γυμναστικής / συμβουλές του,fitness_model
2021/05/07 8:43:33 μ.μ. GMT+3,tallyrye,Άντρας,25,5,4,5,5,2,2,1,4,4,3,Ναι,αναρτά ενδιαφέρον περιεχόμενο,nutrition
2021/05/07 8:44:41 μ.μ. GMT+3,richtidmarsh,Άντρας,23,4,3,4,1,1,2,3,2,2,3,Ναι,θέλω να ενημερώνομαι και να ακολουθώ το πρόγραμμα γυμναστικής / συμβουλές του,body_building
2021/05/07 8:47:15 μ.μ. GMT+3,thedailykelsey,Άντρας,25,5,5,5,5,1,3,1,5,5,3,Ναι,έχει ωραίο σώμα,body_building
2021/05/07 8:49:45 μ.μ. GMT+3,thesamplan,Άντρας,25,4,3,4,5,2,1,2,3,3,3,Ναι,αναρτά ενδιαφέρον περιεχόμενο,nutrition
2021/05/07 8:55:49 μ.μ. GMT+3,rossedgley,Άντρας,24,4,4,3,2,2,3,2,4,3,4,Ναι,έχει ωραίο σώμα,athlete
2021/05/07 9:00:23 μ.μ. GMT+3,shona_vertue,Άντρας,24,4,3,4,3,4,3,4,3,4,3,Όχι,έχει ωραίο σώμα;έχει ωραίο lifestyle,yoga
2021/05/07 9:02:34 μ.μ. GMT+3,susanniebergallfitness,Άντρας,24,4,3,4,3,3,4,2,4,3,4,Όχι,έχει ωραίο lifestyle;αναρτά ενδιαφέρον περιεχόμενο,body_building
2021/05/07 9:03:36 μ.μ. GMT+3,trapyogabae,Άντρας,26,4,5,4,3,3,1,2,3,3,4,Ναι,αναρτά ενδιαφέρον περιεχόμενο,yoga
2021/05/07 9:04:51 μ.μ. GMT+3,syattfitness,Άντρας,23,4,4,2,4,3,4,4,2,4,3,Ναι,έχει ωραίο σώμα,nutrition
2021/05/07 9:05:55 μ.μ. GMT+3,wellness_ed,Άντρας,25,5,4,4,5,3,2,1,3,3,3,Όχι,αναρτά ενδιαφέρον περιεχόμενο,fitness_model
2021/05/07 9:06:34 μ.μ. GMT+3,tallyrye,Άντρας,24,5,2,4,3,4,3,2,5,2,5,Ναι,έχει ωραίο lifestyle,nutrition
2021/05/07 9:07:56 μ.μ. GMT+3,thedailykelsey,Άντρας,23,4,3,2,3,2,2,2,5,3,2,Ναι,θέλω να ενημερώνομαι και να ακολουθώ το πρόγραμμα γυμναστικής / συμβουλές του,body_building
2021/05/07 9:12:54 μ.μ. GMT+3,thesamplan,Άντρας,24,4,2,3,2,2,3,3,2,3,3,Όχι,αναρτά ενδιαφέρον περιεχόμενο,nutrition
2021/05/07 9:15:05 μ.μ. GMT+3,trapyogabae,Άντρας,23,3,2,4,3,2,2,2,4,4,5,Ναι,θέλω να ενημερώνομαι και να ακολουθώ το πρόγραμμα γυμναστικής / συμβουλές του,yoga
2021/05/07 9:15:57 μ.μ. GMT+3,wellness_ed,Άντρας,24,4,3,2,4,2,5,3,4,2,3,Όχι,έχει ωραίο σώμα,fitness_model
2021/05/08 12:15:15 μ.μ. GMT+3,nez__healthhub,Άντρας,25,4,3,2,4,4,4,4,3,4,4,Ναι,θέλω να ενημερώνομαι και να ακολουθώ το πρόγραμμα γυμναστικής / συμβουλές του,nutrition
2021/05/08 12:21:58 μ.μ. GMT+3,mistyonpointe,Άντρας,25,5,3,4,2,2,3,3,5,2,3,Όχι,έχει ωραίο σώμα,dance
2021/05/08 12:40:29 μ.μ. GMT+3,kelseywells,Άντρας,25,5,3,3,4,2,3,2,5,5,3,Όχι,θέλω να ενημερώνομαι και να ακολουθώ το πρόγραμμα γυμναστικής / συμβουλές του;έχει ωραίο σώμα,body_building
2021/05/08 12:41:58 μ.μ. GMT+3,kayla_itsines,Άντρας,25,5,4,5,1,1,3,3,5,5,3,Όχι,θέλω να ενημερώνομαι και να ακολουθώ το πρόγραμμα γυμναστικής / συμβουλές του,body_building
2021/05/08 12:43:35 μ.μ. GMT+3,emrickettz,Άντρας,25,3,3,1,1,1,4,4,3,3,1,Όχι,θέλω να ενημερώνομαι και να ακολουθώ το πρόγραμμα γυμναστικής / συμβουλές του,body_building
2021/05/08 1:51:24 μ.μ. GMT+3,nez__healthhub,Άντρας,29,4,3,4,2,5,3,2,3,4,5,Ναι,έχει ωραίο σώμα;έχει ωραίο lifestyle,nutrition
2021/05/08 1:53:03 μ.μ. GMT+3,mistyonpointe,Άντρας,29,5,3,1,2,4,4,3,4,4,4,Ναι,αναρτά ενδιαφέρον περιεχόμενο,dance
2021/05/08 1:54:13 μ.μ. GMT+3,kelseywells,Άντρας,29,3,3,4,4,2,2,3,3,3,4,Όχι,θέλω να ενημερώνομαι και να ακολουθώ το πρόγραμμα γυμναστικής / συμβουλές του,body_building
2021/05/08 1:55:18 μ.μ. GMT+3,kayla_itsines,Άντρας,29,4,4,3,2,2,4,3,4,4,4,Ναι,έχει ωραίο σώμα;έχει ωραίο lifestyle,body_building
2021/05/08 1:57:49 μ.μ. GMT+3,emrickettz,Άντρας,29,4,3,3,3,3,4,3,4,4,4,Όχι,αναρτά ενδιαφέρον περιεχόμενο,body_building
2021/05/08 1:59:21 μ.μ. GMT+3,chontelduncan,Άντρας,29,4,4,3,2,3,4,3,3,3,3,Όχι,έχει ωραίο lifestyle,body_building
2021/05/08 2:01:13 μ.μ. GMT+3,cartergood,Άντρας,29,3,4,4,3,2,3,2,3,3,3,Όχι,έχει ωραίο σώμα,nutrition
2021/05/08 2:05:37 μ.μ. GMT+3,bradleysimmonds,Άντρας,29,4,4,4,2,2,3,3,4,4,4,Ναι,θέλω να ενημερώνομαι και να ακολουθώ το πρόγραμμα γυμναστικής / συμβουλές του;έχει ωραίο σώμα;έχει ωραίο lifestyle;αναρτά ενδιαφέρον περιεχόμενο,body_building
2021/05/08 2:07:32 μ.μ. GMT+3,biolayne,Άντρας,29,2,2,3,2,4,4,4,3,2,2,Όχι,έχει ωραίο σώμα,nutrition
2021/05/08 3:54:59 μ.μ. GMT+3,chontelduncan,Άντρας,25,3,3,4,5,2,2,1,4,5,3,Ναι,έχει ωραίο σώμα,body_building
2021/05/08 3:56:35 μ.μ. GMT+3,cartergood,Άντρας,25,3,3,4,3,2,1,2,3,3,3,Όχι,αναρτά ενδιαφέρον περιεχόμενο,nutrition
2021/05/08 3:58:45 μ.μ. GMT+3,bradleysimmonds,Άντρας,25,3,3,4,3,4,2,1,5,5,3,Ναι,θέλω να ενημερώνομαι και να ακολουθώ το πρόγραμμα γυμναστικής / συμβουλές του;αναρτά ενδιαφέρον περιεχόμενο,body_building
2021/05/08 4:01:25 μ.μ. GMT+3,biolayne,Άντρας,25,4,5,4,3,3,2,1,4,4,3,Ναι,αναρτά ενδιαφέρον περιεχόμενο,nutrition
2021/05/08 4:03:27 μ.μ. GMT+3,anacheri,Άντρας,25,5,5,5,5,2,4,2,4,3,3,Ναι,έχει ωραίο σώμα,fitness_model
2021/05/09 12:02:51 μ.μ. GMT+3,movewithnicole,Γυναίκα,28,4,3,4,3,1,3,2,4,4,1,Όχι,θέλω να ενημερώνομαι και να ακολουθώ το πρόγραμμα γυμναστικής / συμβουλές του,yoga
2021/05/09 12:07:42 μ.μ. GMT+3,melissawoodhealth,Γυναίκα,26,3,2,4,4,3,3,2,3,3,1,Όχι,θέλω να ενημερώνομαι και να ακολουθώ το πρόγραμμα γυμναστικής / συμβουλές του,yoga
2021/05/09 12:08:27 μ.μ. GMT+3,colleensaidman,Γυναίκα,26,3,1,4,5,5,3,2,2,2,1,Όχι,αναρτά ενδιαφέρον περιεχόμενο,yoga
2021/05/09 12:10:10 μ.μ. GMT+3,wundabarpilates,Γυναίκα,26,3,1,4,2,2,2,2,4,3,1,Όχι,θέλω να ενημερώνομαι και να ακολουθώ το πρόγραμμα γυμναστικής / συμβουλές του,pilates
2021/05/09 12:10:58 μ.μ. GMT+3,jennyredfordpilates,Γυναίκα,26,4,3,4,2,1,2,1,5,4,1,Όχι,θέλω να ενημερώνομαι και να ακολουθώ το πρόγραμμα γυμναστικής / συμβουλές του;αναρτά ενδιαφέρον περιεχόμενο,pilates
2021/05/09 12:12:10 μ.μ. GMT+3,fluidformpilates,Γυναίκα,26,4,2,4,4,3,3,2,4,4,1,Όχι,θέλω να ενημερώνομαι και να ακολουθώ το πρόγραμμα γυμναστικής / συμβουλές του;αναρτά ενδιαφέρον περιεχόμενο,pilates
2021/05/09 12:15:37 μ.μ. GMT+3,lisahubbardpilates,Γυναίκα,26,2,2,3,2,2,5,2,4,3,1,Όχι,θέλω να ενημερώνομαι και να ακολουθώ το πρόγραμμα γυμναστικής / συμβουλές του,pilates
2021/05/09 12:17:49 μ.μ. GMT+3,blogilates,Γυναίκα,26,5,3,4,4,4,3,2,4,4,3,Ναι,έχει ωραίο lifestyle;αναρτά ενδιαφέρον περιεχόμενο,pilates
2021/05/09 12:19:06 μ.μ. GMT+3,pilates949,Γυναίκα,26,4,2,4,1,1,2,2,5,5,1,Όχι,θέλω να ενημερώνομαι και να ακολουθώ το πρόγραμμα γυμναστικής / συμβουλές του,pilates
2021/05/09 12:20:14 μ.μ. GMT+3,willdabeast__,Γυναίκα,26,4,2,3,2,4,2,4,3,3,1,Όχι,αναρτά ενδιαφέρον περιεχόμενο,dance
2021/05/09 12:21:06 μ.μ. GMT+3,cassiepearlt,Γυναίκα,26,4,4,4,1,3,2,2,4,4,1,Ναι,αναρτά ενδιαφέρον περιεχόμενο,
2021/05/10 9:29:12 μ.μ. GMT+3,jennyfrancis23 ,Γυναίκα,28,4,1,4,1,1,2,2,4,4,1,Όχι,θέλω να ενημερώνομαι και να ακολουθώ το πρόγραμμα γυμναστικής / συμβουλές του,body_building
2021/05/10 9:30:30 μ.μ. GMT+3,rossedgley,Άντρας,27,2,2,3,2,4,4,3,3,3,1,Όχι,έχει ωραίο lifestyle,athlete
2021/05/10 9:31:14 μ.μ. GMT+3,diaryofafitmommyofficial,Γυναίκα,24,3,3,3,2,2,2,2,3,3,2,Όχι,θέλω να ενημερώνομαι και να ακολουθώ το πρόγραμμα γυμναστικής / συμβουλές του,body_building
2021/05/10 9:32:42 μ.μ. GMT+3,marillewellyn ,Γυναίκα,28,4,3,4,4,3,4,2,3,2,1,Όχι,αναρτά ενδιαφέρον περιεχόμενο,nutrition
2021/05/10 9:32:45 μ.μ. GMT+3,syattfitness,Άντρας,27,5,4,4,3,2,3,2,4,4,2,Ναι,θέλω να ενημερώνομαι και να ακολουθώ το πρόγραμμα γυμναστικής / συμβουλές του;αναρτά ενδιαφέρον περιεχόμενο,nutrition
2021/05/10 9:33:40 μ.μ. GMT+3,thesamplan,Άντρας,27,3,3,3,4,4,4,3,2,2,1,Όχι,έχει ωραίο lifestyle,nutrition
2021/05/10 9:33:51 μ.μ. GMT+3,mistyonpointe,Γυναίκα,24,3,4,4,3,3,2,2,3,3,2,Όχι,αναρτά ενδιαφέρον περιεχόμενο,dance
2021/05/10 9:34:17 μ.μ. GMT+3,helms3dmj ,Γυναίκα,28,3,2,4,1,1,3,2,4,3,1,Όχι,θέλω να ενημερώνομαι και να ακολουθώ το πρόγραμμα γυμναστικής / συμβουλές του,body_building
2021/05/10 9:34:26 μ.μ. GMT+3,shona_vertue,Άντρας,27,4,4,4,2,4,2,2,5,5,2,Ναι,θέλω να ενημερώνομαι και να ακολουθώ το πρόγραμμα γυμναστικής / συμβουλές του;αναρτά ενδιαφέρον περιεχόμενο,yoga
2021/05/10 9:35:09 μ.μ. GMT+3,emrickettz,Γυναίκα,28,4,2,4,1,1,2,2,5,4,1,Ναι,θέλω να ενημερώνομαι και να ακολουθώ το πρόγραμμα γυμναστικής / συμβουλές του,body_building
2021/05/10 9:35:38 μ.μ. GMT+3,nez__healthhub,Γυναίκα,24,2,3,2,3,3,2,4,3,2,1,Όχι,αναρτά ενδιαφέρον περιεχόμενο,nutrition
2021/05/10 9:36:34 μ.μ. GMT+3,rahkigiovanni,Γυναίκα,24,2,2,2,3,3,4,4,2,1,1,Όχι,απαπαπα,fitness_model
2021/05/10 10:55:41 μ.μ. GMT+3,faisalpmafitness,Άντρας,23,3,3,3,3,2,3,2,3,3,2,Όχι,έχει ωραίο σώμα,body_building
2021/05/10 10:59:47 μ.μ. GMT+3,fitgurlmel,Άντρας,23,3,3,3,4,2,4,2,3,2,2,Όχι,έχει ωραίο σώμα,fitness_model
2021/05/10 11:07:20 μ.μ. GMT+3,cartergood,Άντρας,23,3,4,4,2,1,2,2,4,3,3,Ναι,αναρτά ενδιαφέρον περιεχόμενο,nutrition
2021/05/10 11:11:33 μ.μ. GMT+3,kelseywells,Άντρας,23,4,3,4,3,2,3,2,3,3,4,Ναι,έχει ωραίο σώμα;έχει ωραίο lifestyle,body_building
2021/05/10 11:12:20 μ.μ. GMT+3,biolayne,Άντρας,23,3,3,3,4,2,3,3,5,4,3,Ναι,έχει ωραίο σώμα;αναρτά ενδιαφέρον περιεχόμενο,nutrition
2021/05/10 11:50:34 μ.μ. GMT+3,willdabeast__,Γυναίκα,28,2,2,1,4,4,2,4,2,1,1,Όχι,οχι οχι,dance
2021/05/10 11:56:34 μ.μ. GMT+3,amandalacount,Γυναίκα,28,3,3,3,3,2,4,2,3,2,1,Όχι,αναρτά ενδιαφέρον περιεχόμενο,dance
2021/05/15 9:30:16 π.μ. GMT+3,Kayla_itsines,Γυναίκα,19,4,5,4,5,3,1,2,4,4,2,Ναι,αναρτά ενδιαφέρον περιεχόμενο,body_building
2021/05/15 9:32:05 π.μ. GMT+3,Tavicastro,Γυναίκα,18,4,4,4,5,2,1,1,5,4,2,Ναι,έχει ωραίο lifestyle,body_building
